mag,lng,lat,depth,time
4.3,-144.23,69.542,6.6,2026-09-15T09:51
3.81,-125.666,48.642,5.0,2026-09-15T09:30
3.2,-104.134,31.655,6.1,2026-09-15T08:48
2.6,-148.715,68.608,5,2026-09-15T07:50
3.28,-124.485,40.293,9.0,2026-09-15T07:18
2.86,-66.996,17.971,13.2,2026-09-15T06:21
4.8,130.342,-6.635,83.8,2026-09-15T06:07
4.8,170.092,-21.581,98.7,2026-09-15T04:52
3.38,-110.084,41.515,4.4,2026-09-15T04:33
3.36,-64.742,18.264,125.5,2026-09-15T03:44
2.58,-124.012,40.56,24.2,2026-09-15T03:36
3.4,177.929,50.267,20,2026-09-15T02:18
3.1,-178.637,49.931,20,2026-09-15T01:27
4.4,105.396,-8.872,10,2026-09-14T23:09
3,-169.336,52.07,18.8,2026-09-14T22:51
4.9,174.141,-40.325,97.6,2026-09-14T22:44
4.2,-93.29,14.633,35,2026-09-14T22:43
4.6,-76.822,4.489,67.1,2026-09-14T22:39
5,146.526,-6.307,119.8,2026-09-14T22:06
2.9,179.493,51.441,67.1,2026-09-14T21:24
2.96,-66.724,18.608,76.3,2026-09-14T21:15
4.9,-76.881,4.552,48.1,2026-09-14T21:13
5.3,-104.435,15.088,10,2026-09-14T20:38
2.5,-178.585,51.061,41.9,2026-09-14T20:31
4.6,-76.769,4.447,74.9,2026-09-14T20:08
4.9,-76.745,4.494,59.8,2026-09-14T20:02
3.2,-68.238,19.089,13.9,2026-09-14T19:44
2.9,179.794,51.062,3.3,2026-09-14T19:18
4.8,-77.361,-3.73,106.2,2026-09-14T19:16
4.6,128.12,-1.891,10,2026-09-14T17:55
5.2,157.742,-8.945,10,2026-09-14T16:15
2.7,179.489,51.013,24.6,2026-09-14T16:04
4.5,-76.7,4.565,76.1,2026-09-14T14:57
3.34,-119.58,40.607,11,2026-09-14T14:12
2.99,-121.81,37.875,16.9,2026-09-14T13:47
4.2,-178.515,-17.904,595.7,2026-09-14T11:45
2.9,-164.33,52.617,20,2026-09-14T11:32
3,-154.163,56.201,46,2026-09-14T11:26
2.7,-153.417,59.815,134.9,2026-09-14T11:14
4.6,141.534,37.607,51.3,2026-09-14T10:59
5.6,128.17,2.422,162.2,2026-09-14T10:58
3.3,-164.682,53.315,28.1,2026-09-14T10:29
5.5,105.873,-8.542,10,2026-09-14T09:27
4.5,101.406,23.296,10,2026-09-14T09:07
4.5,142.238,37.185,35,2026-09-14T07:33
2.57,-98.046,35.611,6.6,2026-09-14T06:26
4.5,144.608,-5.059,99.2,2026-09-14T06:19
2.5,-149.406,60.657,7.1,2026-09-14T05:58
2.49,-66.835,17.834,11.4,2026-09-14T05:22
4.4,-66.999,-24.131,189.0,2026-09-14T05:03
2.6,-176.39,51.18,9.9,2026-09-14T04:38
2.5,179.332,51.504,71.9,2026-09-14T03:45
5.4,-45.383,25.545,10,2026-09-14T02:56
4.8,112.901,-9.283,33.4,2026-09-14T01:42
4.3,58.73,35.665,10,2026-09-14T01:38
4.6,120.31,-8.13,10,2026-09-14T00:53
2.49,-122.243,37.43,4.4,2026-09-14T00:44
4.4,-179.619,-23.508,438.2,2026-09-13T23:41
4.6,121.602,22.74,10,2026-09-13T22:44
5.1,120.382,-8.16,10,2026-09-13T22:40
2.55,-121.803,37.874,16.8,2026-09-13T22:06
2.9,-174.005,50.306,22.5,2026-09-13T21:57
2.46,-67.058,17.959,8.0,2026-09-13T20:36
4.9,168.834,-20.201,10,2026-09-13T19:41
4.7,-66.575,-26.156,10,2026-09-13T19:40
4.2,121.402,23.599,12.2,2026-09-13T19:21
2.65,-155.487,19.168,11.4,2026-09-13T18:20
3.95,-155.481,19.161,12.9,2026-09-13T18:00
4.3,-73.046,6.851,153.8,2026-09-13T17:55
2.63,-119.061,39.311,7.4,2026-09-13T17:30
3.42,-67.298,18.869,5.0,2026-09-13T16:10
4.3,-178.452,-17.818,623.1,2026-09-13T15:58
3.22,-65.263,19.411,80.0,2026-09-13T14:06
2.53,-123.288,39.418,5.2,2026-09-13T13:55
2.8,-152.211,60.792,103.6,2026-09-13T13:39
2.71,-119.054,39.312,6.9,2026-09-13T13:33
3.9,-72.547,-33.331,10,2026-09-13T12:36
2.5,-159.873,56.072,0.4,2026-09-13T11:55
3.53,-65.304,19.557,16,2026-09-13T10:59
3.4,-104.432,31.661,6.1,2026-09-13T10:20
3.4,-145.644,65.783,0.5,2026-09-13T10:02
3.5,-178.036,51.043,20,2026-09-13T10:02
3,-163.203,53.509,9.8,2026-09-13T08:39
4.7,141.272,41.513,120.4,2026-09-13T08:31
5,171.354,-22.228,98.8,2026-09-13T07:30
5.2,167.436,-15.22,135.1,2026-09-13T07:19
2.9,-104.432,31.661,6.1,2026-09-13T06:54
4.9,142.252,26.305,10,2026-09-13T03:50
2.56,-118.736,33.774,-0.1,2026-09-13T03:47
3.39,-64.34,18.884,10.3,2026-09-13T03:34
3.4,-65.345,19.511,7.9,2026-09-13T03:23
3.63,-65.25,19.585,13,2026-09-13T03:23
3.51,-65.301,18.84,16,2026-09-13T03:00
3.9,-178.53,51.216,38.7,2026-09-13T02:08
2.9,-104.336,31.751,7.1,2026-09-13T00:58
4.1,136.464,34.095,363.5,2026-09-13T00:27
3.4,-65.329,19.766,21.6,2026-09-12T23:01
3.13,-112.9,38.514,3.6,2026-09-12T22:52
4.3,166.08,-10.794,188.7,2026-09-12T22:40
4.3,152.338,-3.401,367.0,2026-09-12T22:14
3.41,-65.273,19.583,72.0,2026-09-12T20:54
5.1,130.379,29.324,45.5,2026-09-12T20:32
3.5,-146.12,61.29,12.7,2026-09-12T19:18
2.8,-157.229,53.963,10,2026-09-12T19:09
2.5,-179.184,50.788,11.6,2026-09-12T19:06
2.9,-122.765,38.821,1.1,2026-09-12T18:39
2.9,-178.879,49.485,20,2026-09-12T18:26
4.8,20.256,38.139,34.0,2026-09-12T17:51
2.6,-173.197,52.188,3.9,2026-09-12T17:25
3.56,-64.593,18.974,8,2026-09-12T16:51
4.7,167.222,-14.647,188.1,2026-09-12T15:56
3.3,177.174,50.138,17.8,2026-09-12T15:08
2.9,-152.522,59.996,102.9,2026-09-12T13:26
3.6,-67.734,19.45,69,2026-09-12T11:48
2.65,-118.304,33.937,19.4,2026-09-12T11:32
4.7,-76.809,4.411,77.3,2026-09-12T11:16
3.31,-118.065,33.259,10.7,2026-09-12T11:13
2.95,-118.067,33.254,10.8,2026-09-12T11:11
4.9,-26.751,-56.302,98.2,2026-09-12T11:05
2.54,-118.074,33.244,12.3,2026-09-12T11:03
3.6,-167.101,53.175,38.9,2026-09-12T10:14
2.6,-66.81,17.98,14.4,2026-09-12T09:52
2.61,-155.275,19.389,1.9,2026-09-12T09:38
4.9,166.336,-13.283,16.9,2026-09-12T09:35
3.51,-67.726,19.014,76,2026-09-12T08:58
4.5,-76.216,-14.486,24.1,2026-09-12T08:46
4.2,-92.477,14.068,35,2026-09-12T08:17
2.7,-172.82,51.618,0,2026-09-12T07:47
2.62,-118.302,33.93,19.1,2026-09-12T07:34
3.36,-121.8,37.873,17.9,2026-09-12T07:25
3.1,-172.584,51.826,10.9,2026-09-12T07:22
3.53,-64.578,18.952,9,2026-09-12T06:45
2.7,-113.58,45.638,23.3,2026-09-12T06:44
3.9,-149.049,62.834,70.3,2026-09-12T06:38
2.8,-157.267,53.896,23.2,2026-09-12T06:27
4.8,130.508,-6.091,134.4,2026-09-12T06:14
2.49,-119.258,34.387,6.0,2026-09-12T05:46
3.79,-109.806,41.752,3.8,2026-09-12T05:25
2.9,-153.262,59.823,130.6,2026-09-12T05:08
4.7,126.585,1.067,44.2,2026-09-12T05:08
2.9,-169.86,51.365,20,2026-09-12T05:03
3.1,-173.115,50.308,20,2026-09-12T04:47
2.56,-122.301,48.421,13.4,2026-09-12T04:17
3.63,-65.548,19.654,19,2026-09-12T04:01
3.5,-178.46,51.132,19.4,2026-09-12T03:43
4.6,120.678,-8.263,10,2026-09-12T03:34
3.4,-64.886,19.27,61.5,2026-09-12T02:47
3.53,-64.909,18.933,79,2026-09-12T02:43
2.49,-124.497,40.189,0.2,2026-09-12T02:42
4.7,-82.79,8.354,10,2026-09-12T01:59
3.2,-115.175,44.348,10,2026-09-12T01:52
5.1,-24.927,-59.135,10,2026-09-12T00:55
2.7,-149.634,60.713,24.3,2026-09-12T00:28
2.6,-103.293,32.266,8.3,2026-09-12T00:22
4.5,-73.88,-15.606,98.8,2026-09-12T00:18
2.9,-96.653,35.797,7.6,2026-09-11T23:27
2.9,-139.976,60.568,5,2026-09-11T22:49
4.9,-75.815,-45.718,10,2026-09-11T22:32
2.6,-178.386,51.083,14.6,2026-09-11T21:41
4,-92.917,14.393,35,2026-09-11T21:31
6.5,106.874,-4.983,372,2026-09-11T21:23
4.1,-73.204,18.972,10,2026-09-11T20:56
2.5,-152.782,56.305,20.1,2026-09-11T19:48
2.6,-152.768,56.155,13.1,2026-09-11T19:41
3.2,-152.967,56.294,22.7,2026-09-11T19:17
2.6,178.715,51.5,12.4,2026-09-11T19:16
3.3,-156.966,53.903,10,2026-09-11T19:14
2.6,-179.523,51.02,9.3,2026-09-11T19:12
4.4,143.235,12.997,197.0,2026-09-11T18:59
4.4,143.371,40.132,32.4,2026-09-11T18:53
2.7,179.845,51.266,17.2,2026-09-11T18:36
3.2,-169.362,52.13,13.3,2026-09-11T18:24
2.5,-178.438,51.136,20.7,2026-09-11T18:09
3.1,-162.6,54.61,62.5,2026-09-11T18:05
4.2,96.641,26.383,123.2,2026-09-11T17:56
4.7,-76.832,4.419,61.1,2026-09-11T16:42
2.6,-169.296,52.103,13.6,2026-09-11T16:10
2.58,-155.374,19.201,30.7,2026-09-11T15:58
4.9,-178.935,-32.603,35,2026-09-11T15:44
2.7,-178.409,51.08,19.9,2026-09-11T14:14
2.6,-179.123,51.597,87.8,2026-09-11T14:05
2.8,-179.367,50.973,16.9,2026-09-11T13:05
2.5,-178.486,51.134,34.6,2026-09-11T12:06
5.9,128.938,-7.286,111.8,2026-09-11T11:56
2.5,-178.4,51.056,17.2,2026-09-11T11:40
3.41,-65.396,19.252,20.2,2026-09-11T11:40
2.5,-178.435,51.112,30.1,2026-09-11T11:13
2.5,-178.258,51.194,24,2026-09-11T11:11
2.7,-178.405,51.072,20.3,2026-09-11T11:07
3.1,-178.487,51.083,20.3,2026-09-11T10:56
4.3,-178.434,51.109,13.8,2026-09-11T10:52
3.1,-178.438,51.087,18.8,2026-09-11T10:51
5.3,-178.543,51.213,40.9,2026-09-11T10:47
2.62,-117.992,34.909,8.3,2026-09-11T10:19
2.9,-179.555,50.907,1.9,2026-09-11T09:45
4.4,4.467,79.575,10,2026-09-11T08:59
2.9,-174.757,50.756,3.1,2026-09-11T08:43
2.5,-162.973,53.93,11.3,2026-09-11T08:39
3.75,-65.271,19.327,90,2026-09-11T08:12
2.9,-163.006,53.924,7.9,2026-09-11T07:42
4.5,-163.155,54.034,43.1,2026-09-11T07:31
2.7,-169.362,51.998,18.7,2026-09-11T07:29
4.3,123.548,-0.253,160.3,2026-09-11T07:24
2.7,-169.311,51.974,17.7,2026-09-11T07:23
4,-147.835,62.17,27.2,2026-09-11T07:10
2.5,-144.216,69.51,4.3,2026-09-11T07:06
4.1,-69.41,-19.698,108.8,2026-09-11T07:04
2.9,-169.168,52.167,8.3,2026-09-11T06:21
4.2,-92.937,13.93,10,2026-09-11T05:44
2.8,-178.376,51.473,8.7,2026-09-11T05:41
2.9,-148.838,56.678,5,2026-09-11T05:30
2.5,-165.02,53.154,25.2,2026-09-11T04:13
2.9,-175.465,50.587,17.4,2026-09-11T04:02
2.8,-163.445,53.096,29.7,2026-09-11T03:55
2.9,-152.598,58.991,58,2026-09-11T02:56
3.4,-169.19,52.098,11.1,2026-09-11T02:53
2.8,-177.356,51.173,12.6,2026-09-11T02:48
4.9,169.395,-18.926,18.7,2026-09-11T02:28
2.5,-177.462,51.15,29.1,2026-09-11T02:18
4.4,120.297,-0.331,10,2026-09-11T00:53
2.6,-162.867,55.001,79.7,2026-09-10T23:54
2.5,-159.901,54.24,25.6,2026-09-10T23:27
2.53,-122.759,38.789,0.5,2026-09-10T23:03
4,-166.721,65.211,5,2026-09-10T23:03
4.9,167.332,-13.325,49.9,2026-09-10T22:54
2.6,-161.842,53.811,10,2026-09-10T21:38
2.7,-150.504,63.252,126.1,2026-09-10T21:25
4,178.583,51.679,100.1,2026-09-10T21:14
3.15,-122.826,38.862,3.9,2026-09-10T20:36
2.97,-122.831,38.85,5.1,2026-09-10T20:36
5.3,127.751,-8.591,10,2026-09-10T18:44
5.4,-109.151,-34.834,10,2026-09-10T18:21
4.1,35.354,33.332,10,2026-09-10T18:08
2.9,-163.175,53.48,35,2026-09-10T16:55
4.7,103.068,27.152,10,2026-09-10T16:53
2.7,-169.32,52.292,35,2026-09-10T16:19
2.89,-64.84,18.836,75.6,2026-09-10T16:08
2.6,-156.545,56.252,23,2026-09-10T15:25
2.6,179.965,51.699,87.2,2026-09-10T14:50
2.6,-168.741,52.039,22.3,2026-09-10T14:36
4.7,-90.607,1.703,10,2026-09-10T14:15
2.8,-174.469,51.581,10,2026-09-10T13:47
4.5,-92.882,14.098,10,2026-09-10T13:29
5.1,143.874,12.027,10,2026-09-10T13:28
4.3,168.305,-44.491,10,2026-09-10T13:09
2.5,-177.842,51.217,22.7,2026-09-10T12:47
4.8,-65.834,-17.893,372.6,2026-09-10T12:05
2.5,-159.648,54.465,29.3,2026-09-10T11:59
4.7,-77.364,-3.967,22.1,2026-09-10T10:39
2.7,-168.806,52.109,17.6,2026-09-10T10:22
3.16,-64.305,18.49,58.9,2026-09-10T09:48
3.1,-98.939,28.678,6.8,2026-09-10T09:42
2.5,-153.432,57.859,53.4,2026-09-10T08:59
5,-84.062,9.027,10,2026-09-10T08:26
2.8,179.582,51.938,176,2026-09-10T07:22
3.1,-149.645,56.267,5,2026-09-10T07:06
3.2,-148.559,56.771,36.7,2026-09-10T06:50
2.7,-163.708,53.78,12.4,2026-09-10T06:49
5.3,-77.503,-3.873,10,2026-09-10T06:42
4.4,-93.164,14.128,10,2026-09-10T06:08
4.2,-147.742,62.506,15.8,2026-09-10T05:18
2.7,-165.236,53.671,20.8,2026-09-10T05:10
2.5,-175.74,51.47,27.3,2026-09-10T05:06
2.5,-179.101,51.335,55,2026-09-10T04:15
2.53,-122.206,37.785,10.3,2026-09-10T02:52
2.5,-169.126,51.975,11.2,2026-09-10T02:30
3.6,-151.407,63.511,5,2026-09-10T02:22
4.3,-69.251,-21.004,123.0,2026-09-10T01:57
3.63,-124.532,40.291,20.4,2026-09-10T01:24
3.79,-124.516,40.289,20.3,2026-09-10T01:24
3,-104.408,31.64,6.3,2026-09-10T00:15
2.6,-173.549,51.569,22.7,2026-09-09T23:49
2.5,178.828,51.621,73.7,2026-09-09T23:26
2.7,-151.404,60.328,66.4,2026-09-09T22:01
2.8,-156.506,56.194,69.5,2026-09-09T21:38
4.8,74.252,-28.589,10,2026-09-09T21:29
4.3,-93.018,14.301,35,2026-09-09T21:08
4.7,169.697,-20.973,104.7,2026-09-09T20:21
4.6,70.655,38.988,29.6,2026-09-09T20:17
2.7,-158.897,56.347,6.9,2026-09-09T20:01
4.3,51.539,28.128,10,2026-09-09T19:26
4.9,170.049,-19.748,10,2026-09-09T19:15
2.71,-122.849,38.855,0.5,2026-09-09T19:12
3.1,-64.585,18.945,8.8,2026-09-09T19:01
3.2,-178.459,51.07,16,2026-09-09T18:48
2.9,-150.659,61.247,49.6,2026-09-09T18:35
4.6,-178.093,-20.652,499.4,2026-09-09T18:19
4.4,71.397,36.439,108.5,2026-09-09T18:02
2.5,-177.895,49.943,20,2026-09-09T17:37
2.5,-175.99,51.303,20.8,2026-09-09T17:33
2.63,-155.383,19.049,32.4,2026-09-09T17:23
2.58,-122.846,38.856,1.2,2026-09-09T17:19
5.1,170.068,-19.777,10,2026-09-09T17:18
5.2,169.964,-19.828,10,2026-09-09T17:01
2.6,-104.489,32.325,1.9,2026-09-09T16:00
2.6,-179.323,50.391,0.7,2026-09-09T15:50
3.3,177.966,51.542,52.1,2026-09-09T15:16
2.6,-175.552,51.384,23.5,2026-09-09T12:39
4.7,-173.119,-14.877,10,2026-09-09T12:18
2.52,-118.276,36.153,7.8,2026-09-09T12:09
3.2,-147.957,56.672,5,2026-09-09T11:53
3.6,173.859,51.908,20.5,2026-09-09T10:53
4.6,112.301,34.985,10,2026-09-09T10:51
2.8,-144.808,61.586,39.3,2026-09-09T10:17
5,-66.505,-26.139,10,2026-09-09T10:06
2.8,-139.87,60.65,5,2026-09-09T09:30
2.6,-177.082,50.094,28.5,2026-09-09T09:24
2.6,-151.39,61.027,77.7,2026-09-09T07:22
5,125.323,4.017,10,2026-09-09T07:07
3.34,-67.66,17.611,16.1,2026-09-09T05:33
2.47,-112.899,38.516,2.3,2026-09-09T04:57
2.5,-169.742,52.423,3.1,2026-09-09T04:56
3,178.464,51.73,105.5,2026-09-09T04:55
2.6,-169.197,51.992,10.8,2026-09-09T04:31
4.2,-68.682,-22.384,115.8,2026-09-09T04:17
2.5,-179.826,51.482,78.2,2026-09-09T03:36
2.5,-175.049,51.625,36.2,2026-09-09T02:39
2.7,-169.63,52.525,17.2,2026-09-09T01:10
2.7,-151.994,65.567,11.8,2026-09-09T00:49
2.5,-179.586,51.648,90.7,2026-09-09T00:48
3.4,-169.479,52.39,54.9,2026-09-09T00:23
4.5,102.845,-4.917,39.6,2026-09-09T00:23
2.7,-169.195,52.195,11.7,2026-09-09T00:22
2.55,-67.329,17.968,4.4,2026-09-09T00:04
4.9,148.428,16.6,10,2026-09-08T23:23
2.7,-101.686,31.717,6.4,2026-09-08T23:22
4,-169.425,52.333,49.3,2026-09-08T23:02
4.3,122.439,24.399,51.1,2026-09-08T22:32
4.9,-172.233,-17.726,10,2026-09-08T21:57
4.6,120.658,-8.153,17.5,2026-09-08T21:42
2.67,-116.508,34.472,2.0,2026-09-08T21:15
3.23,-67.809,18.867,92.7,2026-09-08T19:50
2.64,-166.633,53.901,8.5,2026-09-08T19:09
3.7,-149.156,56.251,10,2026-09-08T18:20
2.9,-149.249,56.322,5,2026-09-08T18:19
3.6,-169.499,52.207,11.6,2026-09-08T18:00
2.7,-148.31,62.864,82.3,2026-09-08T17:56
4.9,83.958,29.208,10,2026-09-08T16:08
4.9,-173.302,-16.051,10,2026-09-08T15:43
5.2,121.12,-7.681,10,2026-09-08T15:36
4.5,155.711,49.856,64.4,2026-09-08T14:13
4.7,-68.824,-21.407,110.7,2026-09-08T13:42
2.8,-117.805,35.325,6.9,2026-09-08T12:45
5.3,-174.155,-18.474,10,2026-09-08T11:51
4.1,-161.529,54.236,35,2026-09-08T10:49
4.2,-68.886,-23.388,99.6,2026-09-08T10:33
3.1,-148.525,64.599,6.6,2026-09-08T09:37
2.46,-155.501,19.206,30.3,2026-09-08T09:04
4.6,21.246,38.426,10,2026-09-08T07:46
2.77,-111.152,44.759,11.0,2026-09-08T07:21
2.76,-155.14,19.905,22.0,2026-09-08T07:06
3.13,-155.834,19.761,10.0,2026-09-08T06:52
5.1,-26.258,-58.121,128.6,2026-09-08T06:50
4.7,-69.162,10.733,10,2026-09-08T06:49
2.7,-154.141,56.655,38.9,2026-09-08T04:55
5.3,120.6,-8.165,10,2026-09-08T04:40
2.5,-151.618,60.639,77.6,2026-09-08T04:18
2.8,-162.897,65.197,10.3,2026-09-08T04:04
4.3,20.801,40.855,10,2026-09-08T03:40
4.3,21.706,38.315,10,2026-09-08T03:25
4.6,159.702,51.56,24.9,2026-09-08T02:34
4.4,-76.793,4.523,67.1,2026-09-08T02:01
3.03,-64.843,18.841,20.1,2026-09-08T01:58
2.8,-143.492,69.448,5.7,2026-09-08T01:54
4.5,-179.763,-22.334,568.6,2026-09-08T01:39
4.3,-67.187,-24.144,167.7,2026-09-08T01:24
5.1,170.119,-19.807,10,2026-09-08T00:52
4.3,-178.748,-17.462,543.9,2026-09-07T22:35
4.3,-71.335,-35.545,108.3,2026-09-07T22:25
2.5,178.877,51.539,60.5,2026-09-07T22:25
4.4,152.752,-5.154,35,2026-09-07T22:12
4.5,-69.238,-25.032,89.9,2026-09-07T21:54
3.67,-123.677,40.562,24.2,2026-09-07T21:44
4.3,152.5,-4.438,65.7,2026-09-07T21:15
2.7,-166.605,52.522,8,2026-09-07T21:13
3.1,-160.111,54.379,35,2026-09-07T20:18
2.6,-150.369,61.991,62.9,2026-09-07T20:12
3.17,-66.995,18.744,13.9,2026-09-07T20:10
2.5,-160.171,54.567,7.3,2026-09-07T19:17
3.5,-149.328,63.031,82.2,2026-09-07T18:01
4.6,103.539,27.123,10,2026-09-07T17:31
4.4,149.266,44.434,35,2026-09-07T16:54
4.2,153.319,-4.989,45.6,2026-09-07T16:50
4.4,50.202,12.934,10,2026-09-07T15:43
2.7,-162.46,54.203,8.2,2026-09-07T14:27
2.6,-146.154,69.729,3.6,2026-09-07T14:23
2.7,-169.329,52.201,35,2026-09-07T14:18
4.3,128.603,2.343,232.1,2026-09-07T13:33
4.4,56.198,15.019,10,2026-09-07T13:24
2.7,-169.34,52.027,21.5,2026-09-07T13:14
2.7,-103.24,32.005,6.1,2026-09-07T13:11
2.7,-169.097,52.146,12.9,2026-09-07T13:05
3.2,-169.29,51.903,18.2,2026-09-07T12:17
2.54,-156.624,20.128,-0.6,2026-09-07T11:22
2.8,-169.41,51.879,4.7,2026-09-07T10:46
3.02,-64.984,18.69,77.5,2026-09-07T10:41
2.8,-150.057,56.115,10,2026-09-07T10:23
2.7,-169.303,52.127,11.3,2026-09-07T09:15
3.18,-67.048,18.202,121.9,2026-09-07T08:08
2.67,-110.226,44.051,7.3,2026-09-07T07:43
2.8,-150.656,63.045,122.4,2026-09-07T07:07
2.7,-175.136,51.421,35,2026-09-07T07:02
5.5,171.677,-23.419,10,2026-09-07T05:50
3.44,-110.219,44.047,6.9,2026-09-07T04:25
2.6,-169.191,52.21,12.2,2026-09-07T03:18
3.2,-166.665,53.898,10.8,2026-09-07T03:17
3.2,-170.646,62.434,10,2026-09-07T02:57
4.4,112.912,-9.322,10,2026-09-07T02:48
3.64,-68.746,18.547,143,2026-09-07T02:46
2.6,-125.779,44.037,10,2026-09-07T02:35
4.7,178.619,-31.273,586.2,2026-09-07T02:30
4.5,179.692,-24.848,512.6,2026-09-07T02:29
3.2,-169.23,52.28,35,2026-09-07T02:28
4.9,178.644,-31.122,585.9,2026-09-07T02:11
3.3,-166.665,53.896,8.8,2026-09-07T02:08
5,178.544,-30.966,585.1,2026-09-07T02:06
4,-138.874,57.914,16.1,2026-09-07T01:59
3.3,-138.972,57.913,10,2026-09-07T01:59
5.3,-128.204,43.902,10,2026-09-07T01:30
3.9,-128.191,43.778,12.3,2026-09-07T01:30
3.7,176.523,51.666,35,2026-09-07T01:02
4.1,120.966,-8.151,69.8,2026-09-07T00:56
2.8,-146.487,61.547,20.1,2026-09-07T00:19
3.9,70.539,36.094,158.8,2026-09-07T00:06
2.8,-169.271,52.073,13.3,2026-09-06T23:52
2.7,-169.127,51.911,5.9,2026-09-06T23:41
2.8,-148.63,68.631,3,2026-09-06T23:37
3.4,-178.417,51.017,5,2026-09-06T23:32
2.6,-161.381,54.365,10,2026-09-06T22:44
2.7,-169.172,52.152,11.2,2026-09-06T22:40
4.4,-76.795,4.542,61.6,2026-09-06T22:15
4.1,153.124,-5.234,35,2026-09-06T22:15
4.2,121.1,13.591,134.0,2026-09-06T22:13
4.1,27.706,45.587,10,2026-09-06T22:08
2.6,-146.371,61.601,20.3,2026-09-06T22:02
2.7,-169.217,52.182,10.8,2026-09-06T21:14
4.5,-178.46,-17.917,604.9,2026-09-06T21:08
2.8,-164.926,53.562,35,2026-09-06T20:27
2.5,-160.711,54.522,4.8,2026-09-06T20:22
4.3,67.299,-8.918,10,2026-09-06T20:19
3.9,145.881,19.699,109.8,2026-09-06T19:05
4.8,-99.296,16.347,10,2026-09-06T18:46
4.3,162.749,56.384,27.8,2026-09-06T18:31
2.8,-178.978,51.341,29.8,2026-09-06T18:06
4,146.073,15.653,94.8,2026-09-06T17:49
4.2,128.66,-7.273,145.1,2026-09-06T17:19
4.5,121.379,22.665,28.5,2026-09-06T16:37
2.5,-167.654,52.769,1,2026-09-06T16:18
4.4,130.981,28.194,10,2026-09-06T15:40
3.3,-115.18,44.337,10,2026-09-06T15:35
2.94,-117.841,36.069,2.8,2026-09-06T15:33
3.6,-169.139,52.096,10,2026-09-06T15:28
4.2,-68.518,-21.612,121.6,2026-09-06T15:07
3.1,-169.339,52.002,10,2026-09-06T14:58
4.3,159.729,53.078,51.5,2026-09-06T14:52
2.7,-175.571,51.35,35,2026-09-06T14:39
4.1,179.934,-24.108,526.7,2026-09-06T14:22
2.8,-163.055,54.836,99.8,2026-09-06T13:09
4.7,7.169,76.148,10,2026-09-06T12:50
3,-162.488,54.1,2.4,2026-09-06T12:49
2.8,-169.147,51.962,18.3,2026-09-06T12:30
2.6,-155.032,58.62,132.3,2026-09-06T12:23
4.6,140.916,33.204,35,2026-09-06T12:17
2.5,-155.584,56.758,7.1,2026-09-06T12:07
5.2,-115.808,-24.244,10,2026-09-06T12:00
2.5,-104.128,31.542,8.8,2026-09-06T11:24
2.9,-169.357,52.124,16.6,2026-09-06T11:18
4.6,123.968,-8.341,150.6,2026-09-06T11:15
2.5,-177.436,51.194,28.4,2026-09-06T11:09
2.8,-169.736,52.319,14,2026-09-06T11:06
2.7,-148.035,60.047,36.9,2026-09-06T10:50
4.8,-68.704,-22.234,115.5,2026-09-06T10:39
5.2,-116.031,-24.523,10,2026-09-06T10:38
5.2,-115.611,-24.53,10,2026-09-06T10:32
2.8,-161.02,54.486,0.6,2026-09-06T09:52
4.2,-72.765,-17.21,35,2026-09-06T09:14
2.9,-169.025,52.17,1,2026-09-06T09:03
2.8,-169.33,52.175,20.8,2026-09-06T07:49
3.07,-118.21,33.864,15.8,2026-09-06T07:13
4.6,123.3,-0.31,10,2026-09-06T06:41
4.4,120.266,-8.104,29.8,2026-09-06T06:06
2.93,-155.096,19.638,34.5,2026-09-06T05:31
4.9,142.97,40.728,34.4,2026-09-06T05:15
2.9,-169.165,52.025,10.5,2026-09-06T05:10
4.6,-176.81,-28.552,10,2026-09-06T04:52
2.9,-169.398,52.022,22.3,2026-09-06T04:26
3.7,-169.21,52.007,10.1,2026-09-06T04:22
2.5,-178.613,51.269,1,2026-09-06T04:12
5.6,162.519,-11.059,38.5,2026-09-06T04:05
4.3,-90.422,12.314,10,2026-09-06T04:00
3.41,-64.498,18.528,7.3,2026-09-06T03:55
2.6,-175.657,50.995,7.9,2026-09-06T03:25
5.3,-93.249,14.155,10,2026-09-06T02:56
3.1,-179.512,51.068,17.7,2026-09-06T02:35
2.7,-167.228,53.275,77.6,2026-09-06T02:19
4.2,-14.92,70.636,10,2026-09-06T02:13
3.5,-69.935,-20.621,50.0,2026-09-06T01:27
2.5,-177.346,51.464,60,2026-09-06T01:06
2.8,-169.192,52.13,7.8,2026-09-06T01:06
2.8,-159.742,55.917,8.5,2026-09-06T00:59
4.6,169.251,-18.895,240.4,2026-09-05T23:46
2.9,-149.914,61.252,38.9,2026-09-05T23:31
3.9,-147.124,69.319,15.7,2026-09-05T23:15
3.5,-170.352,54.177,156.7,2026-09-05T22:47
3.4,175.314,50.875,20,2026-09-05T22:37
4.1,127.758,3.204,101.3,2026-09-05T22:33
2.5,-176.562,51.355,26.5,2026-09-05T22:09
4.7,170.104,-19.914,10,2026-09-05T21:06
4.2,72.067,37.417,191.8,2026-09-05T19:51
3.2,-176.311,51.284,35,2026-09-05T19:16
3.9,173.802,-39.218,10.1,2026-09-05T18:46
2.5,-164.814,53.476,15.6,2026-09-05T18:32
2.8,-169.098,52.282,20,2026-09-05T18:11
4.9,-169.32,52.226,28.9,2026-09-05T18:00
2.7,-67.389,18.191,14.6,2026-09-05T17:25
5.4,67.803,-0.503,10,2026-09-05T17:25
5.6,170.11,-19.742,9,2026-09-05T17:02
3,-169.282,52.022,19.7,2026-09-05T16:14
2.7,-169.06,52.259,5,2026-09-05T16:09
3,-169.047,52.253,7.3,2026-09-05T14:49
3.6,-101.703,31.715,6.8,2026-09-05T14:46
2.6,-166.636,53,15,2026-09-05T14:40
5.5,153.714,-4.572,109,2026-09-05T14:12
5.2,98.609,1.057,91.9,2026-09-05T14:06
2.5,-179.539,51.777,119.4,2026-09-05T14:02
2.6,-176.308,51.268,19.3,2026-09-05T13:23
2.8,-169.088,51.916,6.7,2026-09-05T12:55
4.4,167.14,-14.435,166.3,2026-09-05T12:55
2.8,-169.285,52.032,15.1,2026-09-05T12:27
5.1,-66.718,-26.108,10,2026-09-05T11:37
2.6,-179.835,51.013,6.5,2026-09-05T11:32
3.75,-122.642,46.246,17.7,2026-09-05T11:09
5,102.751,-4.42,68.9,2026-09-05T10:59
2.6,-144.017,69.452,5,2026-09-05T10:55
4.6,67.476,-9.005,10,2026-09-05T10:54
2.6,-147.728,63.188,1.1,2026-09-05T10:22
2.9,-115.012,44.233,10,2026-09-05T10:03
2.7,-169.377,52.033,19.8,2026-09-05T09:58
4.5,96.111,3.22,10,2026-09-05T09:14
2.7,-169.427,52.156,14.3,2026-09-05T09:08
4.3,-67.719,-21.273,217.3,2026-09-05T08:13
3.68,-66.15,19.526,11,2026-09-05T07:54
4.4,-68.931,-20.49,109.4,2026-09-05T07:28
4.5,123.153,-0.15,202.3,2026-09-05T06:34
2.8,-169.281,52.085,12.1,2026-09-05T06:18
2.5,-177.483,51.734,93,2026-09-05T05:52
2.6,-178.061,51.004,16.3,2026-09-05T05:23
4.4,-83.083,3.451,10,2026-09-05T05:16
5,-83.151,3.507,10,2026-09-05T05:00
2.7,-70.462,-20.264,44.5,2026-09-05T04:47
2.8,-169.184,52.027,9,2026-09-05T04:18
2.8,-169.437,52.177,17.7,2026-09-05T04:09
2.7,-174.871,51.615,19.6,2026-09-05T04:08
3,-169.286,52.062,14.8,2026-09-05T03:43
2.7,-104.504,32.349,5,2026-09-05T03:41
3.1,-169.113,52.013,5.7,2026-09-05T03:16
2.57,-66.954,17.931,9.7,2026-09-05T03:14
3.36,-67.438,19.102,6.0,2026-09-05T03:10
3.06,-67.486,19.072,3.5,2026-09-05T03:09
2.9,-124.886,44.33,10,2026-09-05T03:08
3.27,-67.458,19.121,4.2,2026-09-05T03:07
3.5,-169.266,52.053,12,2026-09-05T02:57
2.67,-66.928,18.093,20.3,2026-09-05T02:16
3.2,-169.311,52.082,22.8,2026-09-05T02:00
4.8,-177.826,-30.794,33.6,2026-09-05T01:41
2.7,-178.435,51.573,13.3,2026-09-05T00:41
2.5,-143.309,69.911,18.3,2026-09-05T00:30
4.5,143.564,40.643,33.9,2026-09-05T00:22
3.2,-170.434,53.397,161.8,2026-09-05T00:22
2.7,179.058,51.348,57.5,2026-09-04T23:54
5.5,149.984,44.942,32,2026-09-04T23:52
5.1,-40.847,9.467,10,2026-09-04T23:38
2.94,-66.454,19.052,11.1,2026-09-04T23:37
2.7,-147.744,64.623,18.2,2026-09-04T23:31
2.5,-151.413,60.727,76.8,2026-09-04T23:23
4.5,120.613,-8.3,10,2026-09-04T23:17
2.5,-104.37,31.667,6.9,2026-09-04T23:14
4.2,-89.841,13.276,42.3,2026-09-04T21:10
4.3,120.598,14.339,156.1,2026-09-04T20:53
3.5,-156.983,54.796,28.5,2026-09-04T19:49
2.6,-153.208,57.795,42,2026-09-04T19:40
4.6,174.756,-40.731,48.8,2026-09-04T18:34
3,-156.199,57.811,131.6,2026-09-04T17:57
2.6,-169.505,52.269,24.8,2026-09-04T17:29
2.6,-169.873,52.491,24,2026-09-04T17:27
2.8,-157.702,57.111,2.9,2026-09-04T17:01
3,179.418,50.103,10,2026-09-04T16:39
3.3,179.521,50.167,10,2026-09-04T16:33
5.1,99.078,1.302,122.0,2026-09-04T16:24
2.9,-169.395,52.017,10,2026-09-04T15:33
2.7,-148.745,56.701,5,2026-09-04T15:04
3.28,-155.502,19.148,32.9,2026-09-04T15:01
3.1,-169.302,52.421,35,2026-09-04T14:52
3.9,-169.448,52.201,35,2026-09-04T14:39
2.5,-150.634,62.825,92.8,2026-09-04T14:09
2.9,-169.136,52.041,10,2026-09-04T14:08
3.21,-67.602,18.864,5.9,2026-09-04T14:06
4.9,-177.087,-25.761,100.7,2026-09-04T13:47
3.54,-155.484,19.157,11.8,2026-09-04T12:20
3,-148.831,63.532,4.3,2026-09-04T12:11
2.7,-143.67,69.448,5,2026-09-04T12:04
2.9,-165.602,53.438,21.6,2026-09-04T12:03
3.1,-169.125,52.15,15.1,2026-09-04T12:02
5.4,-176.645,-28.562,10,2026-09-04T11:59
2.6,-163.643,53.91,18.8,2026-09-04T11:50
2.9,-169.331,52.099,11.4,2026-09-04T11:37
2.94,-66.755,17.989,10.3,2026-09-04T10:58
3.2,-169.226,52.215,14.7,2026-09-04T10:23
2.5,-168.519,52.437,5,2026-09-04T10:11
2.6,-169.889,52.455,13.1,2026-09-04T10:08
2.55,-125.0,45.233,3.9,2026-09-04T09:26
3.7,-129.082,43.638,10,2026-09-04T09:25
3.5,-169.246,52.187,12.3,2026-09-04T09:25
3.29,-97.636,35.013,10.2,2026-09-04T09:17
4.3,121.618,22.673,10,2026-09-04T09:10
2.9,-169.13,52.227,11.6,2026-09-04T08:59
4.7,120.05,15.178,61.3,2026-09-04T08:48
2.8,-169.187,52.212,9.3,2026-09-04T08:43
2.8,-169.328,52.153,21.9,2026-09-04T08:32
3.23,-65.582,18.346,95.9,2026-09-04T08:31
2.7,-168.993,52.31,4.8,2026-09-04T08:18
2.8,-163.042,54.98,105.4,2026-09-04T08:09
2.5,-166.808,53.07,37.1,2026-09-04T07:59
2.8,-169.39,52.075,16.7,2026-09-04T07:56
2.8,-169.173,52.159,10,2026-09-04T07:25
2.7,-169.127,52.153,15.9,2026-09-04T07:07
2.8,-169.103,52.218,1.3,2026-09-04T06:51
4.5,-68.564,-21.377,130.7,2026-09-04T06:48
5,-26.163,-56.154,10,2026-09-04T06:45
2.6,-169.308,51.978,10,2026-09-04T06:12
2.5,-169.138,52.045,11.4,2026-09-04T05:37
2.6,-169.305,52.001,10,2026-09-04T05:28
2.6,-168.49,52.469,4.1,2026-09-04T05:13
2.7,-169.071,52.188,9.6,2026-09-04T05:11
2.8,-169.137,52.258,11.6,2026-09-04T05:06
5.2,109.041,-7.987,10,2026-09-04T05:04
3.5,-169.175,51.984,3.9,2026-09-04T04:38
3.1,-104.129,31.542,8.5,2026-09-04T04:35
2.8,-169.346,51.909,29.5,2026-09-04T04:13
2.8,-169.215,52.264,23.5,2026-09-04T03:41
3.7,-169.152,51.939,9.1,2026-09-04T03:34
4.1,-159.815,54.515,35.6,2026-09-04T03:33
2.8,-169.312,51.962,24.1,2026-09-04T03:32
3,-169.258,51.927,18.5,2026-09-04T02:50
3,-169.15,52.161,10.1,2026-09-04T02:39
5,176.348,51.956,10,2026-09-04T02:28
2.8,-169.118,51.947,8.4,2026-09-04T02:24
2.9,-169.403,51.961,29.4,2026-09-04T02:21
2.8,-169.256,52.035,12.4,2026-09-04T02:19
3,-178.286,51.187,16.7,2026-09-04T02:15
3.8,-169.346,52.084,35.8,2026-09-04T02:06
3.1,-169.331,52.01,27.6,2026-09-04T02:05
2.8,-169.214,52.042,13.7,2026-09-04T01:59
3.9,-169.279,51.971,14.1,2026-09-04T01:50
2.8,-169.107,51.996,0.2,2026-09-04T01:49
3.5,-169.343,52.016,18.4,2026-09-04T01:47
3.2,-169.311,51.961,19.9,2026-09-04T01:38
2.9,-169.125,51.988,7,2026-09-04T01:29
3.1,-161.825,56.273,216.7,2026-09-04T01:27
3,-169.061,52.136,4.4,2026-09-04T01:15
2.9,-169.322,52.063,24.6,2026-09-04T00:23
2.8,-169.208,52.065,16.8,2026-09-04T00:01
3.2,-169.149,51.826,10.8,2026-09-03T23:57
2.8,-169.159,52.148,10.6,2026-09-03T23:54
2.8,-169.189,51.957,10,2026-09-03T23:31
2.7,-169.31,52.257,20.6,2026-09-03T23:25
2.8,-169.117,52.212,10.7,2026-09-03T23:22
3.4,-152.86,59.775,112.1,2026-09-03T23:21
3,-169.272,52.07,10,2026-09-03T23:12
2.5,-104.387,31.656,6.1,2026-09-03T23:02
2.8,-169.363,52.293,25.3,2026-09-03T23:01
3.3,-169.292,52.091,10,2026-09-03T22:54
2.9,-169.403,52.089,13.9,2026-09-03T22:53
3.3,-169.242,52.174,10,2026-09-03T22:42
3.2,-169.554,52.323,12.5,2026-09-03T22:41
3,-169.106,52.128,5.3,2026-09-03T22:39
3.41,-155.359,19.066,31.9,2026-09-03T22:39
2.9,-169.041,52.206,11.5,2026-09-03T22:36
2.6,-166.772,52.495,9.6,2026-09-03T22:00
4.3,70.277,36.469,209.9,2026-09-03T21:58
3.19,-67.058,18.199,126.3,2026-09-03T21:21
4.8,-71.24,-31.897,81.9,2026-09-03T21:18
3,-64.984,18.093,14.1,2026-09-03T21:07
4.9,122.178,0.526,111.2,2026-09-03T21:05
4.8,121.666,-8.321,10,2026-09-03T21:00
2.8,-169.207,52.252,11.8,2026-09-03T20:56
2.6,-169.203,52.239,15.1,2026-09-03T20:53
4.4,-169.344,52.161,10,2026-09-03T20:40
3.8,-169.346,52.344,38.2,2026-09-03T20:31
5,-169.303,52.438,33.2,2026-09-03T20:22
5.4,-169.194,52.015,10,2026-09-03T20:21
3.7,-169.359,52.216,25.4,2026-09-03T20:14
3,-169.304,52.246,35,2026-09-03T20:08
4.4,151.591,46.193,80.5,2026-09-03T20:02
4,-169.328,52.409,37.4,2026-09-03T19:27
2.6,-169.163,51.922,10.3,2026-09-03T19:25
2.5,-169.355,51.978,26.5,2026-09-03T19:22
3,-169.124,52.052,10,2026-09-03T19:16
2.7,-169.052,52.142,7.4,2026-09-03T19:06
3.4,-169.105,52.132,10,2026-09-03T18:57
2.6,-169.123,52.4,23.9,2026-09-03T18:53
4.7,-12.566,-7.084,10,2026-09-03T18:50
3.4,-169.4,52.443,35,2026-09-03T18:49
2.6,-98.093,28.893,8.9,2026-09-03T18:48
5.3,-169.333,52.003,10,2026-09-03T18:45
2.8,-169.155,52.106,7.1,2026-09-03T18:42
4.1,-177.888,-19.037,608.8,2026-09-03T18:42
2.6,-169.097,52.277,10,2026-09-03T18:39
3.7,-169.321,52.152,24.5,2026-09-03T18:33
4.9,-177.537,-18.659,616.1,2026-09-03T18:31
2.7,-164.625,53.433,3.6,2026-09-03T18:09
2.5,-164.82,53.593,29.2,2026-09-03T18:08
2.7,-148.138,62.585,47,2026-09-03T18:07
2.52,-112.898,38.525,1.4,2026-09-03T18:07
2.8,-169.218,52.155,10.8,2026-09-03T17:59
3.1,-169.174,52.123,10,2026-09-03T17:40
4.1,176.363,52.071,8.4,2026-09-03T17:40
3.34,-122.715,38.501,8.8,2026-09-03T17:33
4.3,-174.517,-16.733,257.7,2026-09-03T17:23
2.8,-169.261,51.999,23.3,2026-09-03T17:19
4.1,33.547,40.262,10,2026-09-03T17:11
5.1,95.464,37.777,10,2026-09-03T17:04
4.5,-73.059,6.832,151.6,2026-09-03T16:58
2.65,-124.175,40.217,11.6,2026-09-03T16:54
2.8,-169.247,52.112,10,2026-09-03T16:54
3,-169.28,52.051,10,2026-09-03T16:52
2.7,-169.257,52.103,10,2026-09-03T16:46
2.6,-160.002,54.759,18.7,2026-09-03T16:31
4.3,-169.516,52.505,52.6,2026-09-03T16:30
3.6,-168.907,51.979,6.5,2026-09-03T16:28
2.7,-169.235,52.032,10,2026-09-03T16:15
4.8,-169.419,52.289,35,2026-09-03T16:11
2.6,-169.142,52.32,10,2026-09-03T16:08
2.9,-169.089,51.958,19.5,2026-09-03T16:07
2.7,-169.357,52.255,16.5,2026-09-03T16:04
4.3,120.737,-7.779,10,2026-09-03T16:04
2.5,-169.027,52.067,10,2026-09-03T15:52
4.5,-169.287,52.284,35,2026-09-03T15:42
2.5,-169.109,52.131,10,2026-09-03T15:24
2.6,-175.953,51.405,26.6,2026-09-03T15:02
2.7,-169.208,52.128,10,2026-09-03T14:56
4.2,-169.475,52.384,35,2026-09-03T14:39
2.7,-169.414,51.781,10,2026-09-03T14:36
4.1,-169.488,52.3,35,2026-09-03T14:27
3.2,-169.327,52.113,10,2026-09-03T14:17
4.4,128.509,2.549,215.7,2026-09-03T14:15
3,-169.219,52.224,7.3,2026-09-03T14:15
5,56.414,14.496,10,2026-09-03T14:11
2.8,-169.085,52.279,16.6,2026-09-03T14:09
3,-169.136,52.176,10,2026-09-03T14:06
4.2,126.943,5.484,103.6,2026-09-03T14:05
2.6,-169.243,52.18,10,2026-09-03T14:02
2.6,-169.052,52.232,10,2026-09-03T13:56
4.8,169.303,-20.099,113.7,2026-09-03T13:47
3.4,-169.127,52.125,10,2026-09-03T13:40
2.5,-169.142,52.25,10,2026-09-03T13:34
2.61,-155.353,19.069,31.9,2026-09-03T13:32
3.9,-169.262,52.089,10,2026-09-03T13:27
3.6,-169.342,52.144,10,2026-09-03T13:20
5.2,-169.199,52.056,10,2026-09-03T13:03
3,-169.549,51.883,10,2026-09-03T13:01
3.1,-169.275,52.203,9.7,2026-09-03T12:58
3,-169.18,52.221,11.9,2026-09-03T12:48
4.9,-169.579,52.253,44.4,2026-09-03T12:39
2.9,-169.242,52.231,10.6,2026-09-03T12:24
3.1,-169.338,52.072,23.3,2026-09-03T12:15
2.8,-169.124,52.181,10.2,2026-09-03T12:07
3.6,-169.25,52.186,11.1,2026-09-03T11:53
5.4,104.507,31.846,10,2026-09-03T11:39
4.9,-169.561,52.346,35,2026-09-03T11:39
3.4,-169.168,52.156,4,2026-09-03T11:38
3.3,-149.485,62.772,71.4,2026-09-03T11:38
3.1,-169.27,52.099,12.8,2026-09-03T11:37
4.8,-94.634,17.654,159.0,2026-09-03T11:33
3.8,-169.219,52.168,12.9,2026-09-03T11:33
3.4,-169.27,52.049,13.1,2026-09-03T11:29
3.4,-169.243,52.028,19.8,2026-09-03T11:28
5.2,-169.418,52.132,45.2,2026-09-03T11:24
4.2,-169.355,52.25,17.4,2026-09-03T11:22
6.3,-169.409,52.258,35,2026-09-03T11:17
2.6,-152.274,60.124,90.6,2026-09-03T10:34
2.5,-168.122,52.644,35,2026-09-03T09:14
5.1,80.349,31.393,10,2026-09-03T08:16
4.6,-176.335,-20.826,205.4,2026-09-03T07:46
4.5,56.302,14.687,10,2026-09-03T07:45
3,-160.018,54.539,8.2,2026-09-03T07:35
2.78,-155.499,19.186,30.7,2026-09-03T06:42
2.98,-155.496,19.199,30.1,2026-09-03T06:22
4.4,87.131,43.698,10,2026-09-03T06:18
4.1,-178.143,-18.337,492.9,2026-09-03T06:10
5.1,-71.508,-29.762,59.4,2026-09-03T06:04
4.4,-68.311,-23.083,139.4,2026-09-03T05:52
4.5,-76.716,4.399,71.4,2026-09-03T05:17
4.5,-26.142,-55.86,10,2026-09-03T05:10
3,-109.871,41.562,-2.2,2026-09-03T04:32
3.2,-126.86,43.1,10,2026-09-03T04:13
2.5,-143.37,69.424,10,2026-09-03T02:44
4.6,-178.058,-17.474,581.4,2026-09-03T00:09
6.2,-27.909,-56.206,125.9,2026-09-02T23:46
3,-156.979,54.874,0.9,2026-09-02T22:53
3.21,-64.729,19.139,27.6,2026-09-02T22:40
4.3,-73.815,-15.769,58.2,2026-09-02T21:25
5.4,169.45,-20.257,73.3,2026-09-02T21:22
4.1,-177.748,-25.16,204.1,2026-09-02T21:19
4.5,126.587,6.615,67.0,2026-09-02T21:00
4.2,-92.17,14.928,99.6,2026-09-02T20:06
5.4,146.175,-7.132,57.5,2026-09-02T20:04
3.3,-169.249,52.049,10,2026-09-02T19:35
3,-155.577,56.835,55.6,2026-09-02T19:13
2.7,-169.455,52.153,34.5,2026-09-02T19:00
3.2,-169.263,52.128,10,2026-09-02T18:43
4.4,121.327,21.56,35,2026-09-02T17:32
2.8,-156.344,56.434,26.9,2026-09-02T17:06
2.5,-163.68,53.47,6.1,2026-09-02T16:59
2.6,-164.95,53.484,29.7,2026-09-02T16:04
2.5,-164.831,53.48,15.1,2026-09-02T15:54
2.6,-161.487,54.276,6.2,2026-09-02T15:13
4.9,144.044,22.911,39.4,2026-09-02T13:53
4.3,-93.277,14.327,32.5,2026-09-02T13:43
3.2,-117.589,34.014,6.1,2026-09-02T12:37
5.9,-109.026,-34.981,10,2026-09-02T12:35
5.2,-169.499,52.354,35,2026-09-02T12:32
2.6,-176.453,51.608,71.5,2026-09-02T12:31
5.6,-92.987,14.391,10,2026-09-02T12:28
2.7,-155.233,57.161,56.5,2026-09-02T12:27
2.9,-169.377,52.003,28.2,2026-09-02T11:49
3,-169.138,52.124,5.8,2026-09-02T11:40
5.2,-26.904,-56.397,84.1,2026-09-02T10:54
3.1,-169.344,52.032,21.9,2026-09-02T10:03
3.7,-169.135,52.055,5.1,2026-09-02T09:59
3.1,-169.08,52.095,2.5,2026-09-02T09:22
4.1,-169.24,52.074,9.1,2026-09-02T09:20
2.9,-169.17,52.256,13.4,2026-09-02T09:04
3.8,-169.323,52.176,17.2,2026-09-02T08:55
2.8,-169.176,52.106,11.6,2026-09-02T08:42
3.4,-169.107,52.173,4,2026-09-02T08:35
3.79,-63.779,17.421,135,2026-09-02T08:33
3.1,-176.131,51.356,21.3,2026-09-02T08:25
2.72,-122.078,39.742,25.9,2026-09-02T08:18
2.7,-169.122,52.194,5,2026-09-02T08:16
2.8,-169.182,52.176,7.2,2026-09-02T08:12
2.7,-169.145,52.064,10.3,2026-09-02T07:55
3.8,-169.258,52.072,13.5,2026-09-02T07:15
4,-169.364,52.144,35,2026-09-02T07:12
2.5,178.914,51.776,19.9,2026-09-02T07:09
3,-173.716,51.745,50.2,2026-09-02T07:03
5.2,168.25,-44.428,10,2026-09-02T06:57
4.3,-169.281,52.189,29.7,2026-09-02T06:42
2.5,-164.72,53.548,21.2,2026-09-02T06:41
2.8,-169,52.046,2.1,2026-09-02T06:37
2.8,-169.456,51.972,10,2026-09-02T06:25
3.3,-178.48,51.051,10,2026-09-02T06:20
2.7,-169.09,52.052,1.9,2026-09-02T06:20
3.2,-158.709,53.551,18.3,2026-09-02T06:14
5.3,168.303,-44.443,10,2026-09-02T06:13
4.7,120.686,-8.283,10,2026-09-02T06:06
4.1,-92.716,14.342,29.3,2026-09-02T06:06
3.9,-169.143,52.124,10,2026-09-02T05:54
2.7,-169.233,52.278,26.3,2026-09-02T05:47
2.7,-169.172,52.195,8.7,2026-09-02T05:46
2.7,-169.32,52.087,18.2,2026-09-02T05:44
4.6,-169.258,52.06,16.7,2026-09-02T05:40
3.4,-143.684,69.421,4.3,2026-09-02T05:40
3.9,-169.196,52.054,12,2026-09-02T05:18
4.9,-169.316,52.218,18.8,2026-09-02T05:16
5.2,-169.295,52.119,35,2026-09-02T05:14
4.9,-169.369,52.107,38.5,2026-09-02T05:10
4.5,152.488,48.134,144.1,2026-09-02T05:08
3.3,-178.479,51.048,10,2026-09-02T05:07
2.89,-66.818,17.986,12.6,2026-09-02T04:42
3.8,-176.2,51.296,17.7,2026-09-02T04:06
2.7,-169.182,52.107,9.8,2026-09-02T03:08
4.1,-69.239,-20.929,116.9,2026-09-02T03:01
2.8,-169.331,51.922,10,2026-09-02T01:58
4.2,69.45,34.324,10,2026-09-02T01:47
3,-143.499,69.469,4.9,2026-09-02T01:16
3.6,-143.633,69.436,1.1,2026-09-02T00:05
5.3,139.289,-3.224,70.6,2026-09-02T00:04
4.5,-179.629,-25.242,525.8,2026-09-01T23:46
4.6,66.642,-13.177,10,2026-09-01T23:45
4,48.632,40.776,10,2026-09-01T23:39
4.2,131.655,31.872,53.7,2026-09-01T23:24
2.5,-178.203,51.393,51.6,2026-09-01T23:13
4.7,66.592,-13.114,10,2026-09-01T22:42
4.6,66.525,-13.186,10,2026-09-01T22:37
3.5,-169.347,52.063,10,2026-09-01T22:33
3.6,-169.293,52.407,35,2026-09-01T22:16
2.8,-169.2,51.98,13.8,2026-09-01T22:04
4.4,-169.287,52.042,10,2026-09-01T20:47
2.6,-140.145,60.988,5,2026-09-01T20:24
2.9,-156.354,56.606,56.4,2026-09-01T20:19
2.8,-173.408,52.042,11.6,2026-09-01T20:12
2.6,-167.028,52.039,10,2026-09-01T20:05
2.8,-98.093,28.891,7.5,2026-09-01T19:23
4.6,142.031,41.594,62.0,2026-09-01T19:21
4.1,160.126,51.957,43.1,2026-09-01T19:04
4.2,-92.917,14.303,35,2026-09-01T18:58
4.4,70.224,36.517,212.9,2026-09-01T18:51
3,-169.151,52.412,10,2026-09-01T18:42
5,169.712,-20.449,122.7,2026-09-01T18:37
2.6,-155.146,58.63,139.3,2026-09-01T18:34
4.9,120.665,-8.198,10,2026-09-01T18:11
4.3,142.333,42.032,65.9,2026-09-01T17:50
2.61,-155.499,19.197,32.3,2026-09-01T17:29
4.2,-74.479,7.718,83.0,2026-09-01T17:05
3.1,-169.276,52.06,9.2,2026-09-01T16:51
2.79,-66.628,18.859,15.8,2026-09-01T15:31
3.44,-68.516,17.969,60.3,2026-09-01T15:15
3.3,-169.244,52.106,19.8,2026-09-01T15:10
4.2,127.51,-6.689,418.8,2026-09-01T14:41
3.6,-98.102,28.897,8.6,2026-09-01T14:26
4.6,-169.431,52.267,35,2026-09-01T13:47
5.2,125.723,5.096,113.1,2026-09-01T13:22
2.5,-146.456,61.568,21.2,2026-09-01T13:19
3.3,-159.714,54.967,5,2026-09-01T12:29
4.6,-71.943,-29.47,10,2026-09-01T12:15
3.25,-64.77,19.206,61.5,2026-09-01T11:44
4.9,-175.404,-19.444,198.1,2026-09-01T10:34
3.8,-169.168,52.152,7.4,2026-09-01T10:25
2.5,-150.462,63.178,113.4,2026-09-01T10:13
3.3,-169.212,52.09,13.1,2026-09-01T09:49
2.8,-178.777,51.195,40.2,2026-09-01T09:33
3.6,-169.216,52.116,12.5,2026-09-01T09:02
3.1,-169.342,52.091,13.9,2026-09-01T08:39
3.4,-169.325,52.16,12.4,2026-09-01T08:35
5.6,128.805,0.169,10,2026-09-01T08:22
4.2,-169.221,52.071,8.1,2026-09-01T08:18
4.1,-169.313,52.144,14.3,2026-09-01T08:06
3.5,-176.88,51.432,22.9,2026-09-01T07:56
2.6,-176.062,51.322,29.1,2026-09-01T07:53
4.5,-169.259,52.162,37.6,2026-09-01T07:45
3.1,-169.196,52.068,9.6,2026-09-01T07:39
2.9,-169.196,52.077,7.3,2026-09-01T07:34
3.6,-169.293,52.023,10,2026-09-01T07:30
3.4,-169.279,52.173,10,2026-09-01T07:26
3.4,-169.245,52.124,10,2026-09-01T07:19
3.6,-169.26,52.217,10,2026-09-01T07:12
4.5,-169.339,52.039,42.2,2026-09-01T07:05
3.2,-169.281,52.158,11.8,2026-09-01T06:56
3.7,-169.253,52.206,25.7,2026-09-01T06:52
5.3,-169.446,52.213,26.0,2026-09-01T06:44
4.5,51.535,30.778,10,2026-09-01T06:15
4.6,131.044,-4.239,35,2026-09-01T05:06
2.46,-66.758,17.979,12.0,2026-09-01T04:53
3.6,-82.42,8.635,10,2026-09-01T04:50
3,-177.038,51.414,40.2,2026-09-01T03:04
3.42,-68.248,18.445,93.9,2026-09-01T03:03
3.3,-161.15,55.996,192.6,2026-09-01T02:22
4.8,-177.994,-20.407,533.0,2026-09-01T01:29
4.1,-164.945,55.05,179.3,2026-08-31T23:16
4.4,168.812,54.071,10,2026-08-31T23:05
4.3,70.587,34.602,48.2,2026-08-31T22:01
4.6,-27.623,-55.961,92.8,2026-08-31T21:45
2.9,-127.021,40.682,16.3,2026-08-31T21:38
4.4,94.361,6.924,10,2026-08-31T21:32
4.3,-70.821,-25.756,27.8,2026-08-31T21:30
3.05,-67.504,18.178,8.1,2026-08-31T20:37
4.8,158.161,-9.043,10,2026-08-31T20:00
4.2,71.194,36.552,101.7,2026-08-31T19:36
4.6,-88.448,12.203,35,2026-08-31T18:56
4.4,-95.864,-36.879,10,2026-08-31T18:05
2.57,-125.467,40.45,10,2026-08-31T18:00
4.4,-103.923,10.01,10,2026-08-31T17:15
4.3,51.442,30.714,10,2026-08-31T15:21
4.2,119.614,-8.328,187.8,2026-08-31T14:25
4.1,-72.802,-15.97,110.9,2026-08-31T14:07
2.45,-67.165,18.246,15.7,2026-08-31T12:01
4.7,-75.41,-12.182,10,2026-08-31T11:53
2.91,-116.401,33.484,9.9,2026-08-31T11:04
4.6,148.219,45.145,147.8,2026-08-31T09:19
3.2,-104.112,31.736,7.9,2026-08-31T09:16
2.7,-126.667,43.42,10,2026-08-31T08:59
4.4,-126.444,40.535,10,2026-08-31T08:36
3,-104.112,31.737,8.1,2026-08-31T08:28
5.5,120.612,-8.241,10,2026-08-31T08:03
3.12,-65.802,18.36,128.4,2026-08-31T06:53
2.6,-165.374,52.906,20,2026-08-31T05:18
4.5,179.802,-25.206,508.3,2026-08-31T04:38
4.9,126.136,9.641,83.9,2026-08-31T04:04
2.6,-166.368,52.876,57.1,2026-08-31T03:59
3.1,-156.819,54.778,4.9,2026-08-31T03:40
2.84,-66.445,18.549,95.9,2026-08-31T03:39
2.9,-176.191,51.297,35,2026-08-31T02:49
2.65,-115.208,32.37,17.7,2026-08-31T02:16
4.5,-79.041,-9.663,57.1,2026-08-31T01:08
4.3,120.114,-8.476,10,2026-08-31T00:42
2.88,-66.809,18.013,16.7,2026-08-31T00:42
4.6,89.736,-41.851,10,2026-08-31T00:29
4.6,-23.363,-57.93,10,2026-08-30T23:40
4.5,166.213,-10.918,162.3,2026-08-30T23:38
4.2,-177.754,-21.339,388.7,2026-08-30T22:51
2.9,-140.621,59.922,3,2026-08-30T22:27
3.8,-164.922,53.646,21.2,2026-08-30T22:24
4.5,177.443,-36.914,182.3,2026-08-30T22:08
4.5,141.341,-3.948,50.1,2026-08-30T22:07
2.7,-170.932,52.096,19.8,2026-08-30T21:46
2.78,-155.358,19.066,31.8,2026-08-30T21:18
4.8,166.642,-12.403,10,2026-08-30T21:16
4.3,138.73,-2.593,35.2,2026-08-30T19:57
2.63,-155.49,19.178,31.0,2026-08-30T18:41
2.5,-150.712,61.752,63.1,2026-08-30T18:25
4.5,141.799,-3.869,47.8,2026-08-30T18:18
3,-178.041,51.347,35,2026-08-30T17:38
2.9,-179.486,51.586,12.3,2026-08-30T17:22
4.7,-69.653,-18.206,113.1,2026-08-30T16:04
3.32,-65.028,18.822,54.3,2026-08-30T15:33
4.5,80.615,42.3,10,2026-08-30T14:50
2.7,-104.26,31.659,7.7,2026-08-30T14:27
2.8,-162.928,52.562,10,2026-08-30T13:56
2.9,-179.922,51.301,35,2026-08-30T13:36
2.5,-151.385,60.822,75.1,2026-08-30T11:34
4.3,-92.892,14.045,34.4,2026-08-30T11:21
2.8,-174.848,51.746,60.1,2026-08-30T11:15
2.6,-149.288,63.074,76.2,2026-08-30T11:13
4.6,120.626,-8.163,10,2026-08-30T11:03
2.6,-159.751,54.513,26.8,2026-08-30T09:47
2.9,-111.323,42.834,7.2,2026-08-30T09:17
4.5,-179.913,-23.414,532.7,2026-08-30T09:13
5.8,-177.888,-30.146,35,2026-08-30T09:02
4.5,159.291,51.659,50.3,2026-08-30T08:09
2.6,-164.012,52.629,10,2026-08-30T08:08
4.9,101.627,-3.34,78.4,2026-08-30T07:37
3.77,-64.383,18.888,19,2026-08-30T07:24
4.5,120.667,-7.93,15.2,2026-08-30T07:10
3.96,-67.288,18.912,53,2026-08-30T05:47
4.6,-47.226,-60.251,10,2026-08-30T05:40
2.6,-165.207,52.315,3.8,2026-08-30T05:35
3,-166.642,52.667,10,2026-08-30T05:24
4.7,-70.438,-22.195,50.1,2026-08-30T05:19
4.4,128.493,2.29,242.3,2026-08-30T05:17
4.7,126.368,1.383,35.1,2026-08-30T04:29
4.2,71.407,36.421,119.1,2026-08-30T04:06
5.1,-27.003,-56.458,135.7,2026-08-30T03:55
2.8,-152.46,60.991,128.3,2026-08-30T03:35
2.8,-166.601,52.656,9.9,2026-08-30T03:24
3.34,-67.562,18.558,119.5,2026-08-30T01:50
2.7,-176.365,51.211,13.7,2026-08-30T01:24
4.5,142.636,42.049,63.6,2026-08-30T00:14
2.9,176.283,52.033,10,2026-08-29T23:32
4.5,-67.583,-22.674,160.1,2026-08-29T23:26
3.35,-67.587,18.247,112.1,2026-08-29T23:11
2.8,-162.015,54.875,92.3,2026-08-29T22:49
2.8,-173.395,51.495,5,2026-08-29T22:46
3.9,-157.737,55.122,117.5,2026-08-29T22:38
4.8,19.836,40.136,10,2026-08-29T22:35
2.6,-174.407,52.274,169.9,2026-08-29T22:03
2.7,-168.344,53.116,95.9,2026-08-29T21:37
2.7,-175.734,51.572,35,2026-08-29T21:30
4.8,131.028,29.969,35,2026-08-29T21:00
2.8,-108.554,34.85,3.2,2026-08-29T20:53
4.2,158.059,53.87,192.7,2026-08-29T20:18
4.3,70.247,36.48,201.3,2026-08-29T19:53
4.5,51.423,14.397,10,2026-08-29T19:36
4.2,170.373,-22.745,10,2026-08-29T18:16
2.5,-163.799,53.81,11.4,2026-08-29T17:50
3.9,-69.04,18.495,104.5,2026-08-29T17:36
2.69,-125.261,40.422,10,2026-08-29T17:12
2.5,-159.943,54.922,8.2,2026-08-29T17:10
4.3,126.609,1.815,53.1,2026-08-29T16:42
2.8,-179.818,51.045,13.6,2026-08-29T15:26
3.7,-173.321,51.566,31.7,2026-08-29T15:24
4.7,140.994,35.803,34.8,2026-08-29T15:17
4.8,-156.951,54.821,5,2026-08-29T15:16
3.4,-160.121,54.639,5.9,2026-08-29T13:48
4,138.292,43.887,257.2,2026-08-29T13:25
4.5,27.559,36.221,14.4,2026-08-29T12:32
3.9,-152.197,59.919,89.6,2026-08-29T12:02
2.5,-164.644,53.513,22.7,2026-08-29T12:01
4.2,142.863,21.682,334.8,2026-08-29T11:47
3.3,-137.139,59,5,2026-08-29T11:10
2.6,-102.22,32.13,7.6,2026-08-29T11:06
4.5,-76.74,4.513,60.6,2026-08-29T10:50
4.1,70.88,36.563,210.6,2026-08-29T10:38
2.6,-179.203,51.093,21.7,2026-08-29T10:33
2.7,-127.66,40.559,10,2026-08-29T09:18
4.6,127.288,-8.588,10,2026-08-29T09:15
4.2,125.975,5.927,155.2,2026-08-29T09:06
2.8,-151.752,61.583,96.4,2026-08-29T09:01
4.2,-179.689,-22.324,602.3,2026-08-29T08:23
5,126.907,-0.703,41.9,2026-08-29T08:08
2.7,179.742,51.769,110.9,2026-08-29T08:06
2.9,-127.223,40.642,10,2026-08-29T07:49
2.8,-126.719,40.812,10,2026-08-29T07:48
2.7,-159.952,54.576,5,2026-08-29T07:46
4.9,-25.789,-57.459,89.9,2026-08-29T07:10
4.8,126.348,9.976,60.9,2026-08-29T06:32
3.5,-129.039,43.896,10,2026-08-29T05:46
5.1,56.952,-31.848,10,2026-08-29T05:40
2.5,-151.769,59.168,52.6,2026-08-29T05:39
2.6,-164.298,53.695,14.5,2026-08-29T05:25
4.6,149.958,44.802,44.0,2026-08-29T04:48
3.1,-175.218,51.509,23.1,2026-08-29T04:15
2.5,-150.661,61.336,56.7,2026-08-29T03:40
3.4,-108.546,34.839,10.4,2026-08-29T03:37
2.8,-165.064,52.584,18.9,2026-08-29T03:34
2.8,-165.098,52.595,19.7,2026-08-29T02:58
4.74,-125.272,40.45,10,2026-08-29T02:41
4.2,147.184,46.471,306.9,2026-08-29T01:46
2.9,-168.808,52.271,5,2026-08-29T01:40
2.5,-159.693,55.951,11,2026-08-29T00:34
4.2,-109.901,25.677,10,2026-08-29T00:19
3.06,-67.384,18.819,7.8,2026-08-29T00:17
4.3,-175.589,-16.662,330.3,2026-08-29T00:09
4.5,22.747,37.406,85.8,2026-08-28T23:55
4.3,-69.391,-23.951,78.7,2026-08-28T23:48
3.5,-162.048,53.143,10,2026-08-28T23:28
4.8,143.239,39.66,29.2,2026-08-28T23:10
4.1,-93.106,15.006,78.0,2026-08-28T22:30
4.9,80.575,42.245,10,2026-08-28T22:07
2.9,-164.29,53.723,35,2026-08-28T21:44
2.8,-124.952,40.334,24.7,2026-08-28T21:24
2.6,-179.068,51.334,53.4,2026-08-28T21:21
2.72,-124.941,40.346,19.7,2026-08-28T21:18
2.59,-116.798,36.757,1.5,2026-08-28T21:01
4.5,-69.975,-18.868,88.0,2026-08-28T20:44
2.6,-102.22,32.123,7.6,2026-08-28T20:31
5,151.738,-6.211,10,2026-08-28T20:19
4.9,62.544,-28.323,10,2026-08-28T19:12
3.1,-178.864,51.422,32.9,2026-08-28T18:59
2.9,-173.85,52.493,181.8,2026-08-28T17:54
4.4,126.656,6.462,122.0,2026-08-28T17:41
2.7,-134.986,55.296,22.7,2026-08-28T17:37
3.3,-162.944,54.24,35,2026-08-28T17:27
2.7,-178.849,51.018,28.7,2026-08-28T16:46
4,-179.6,-21.927,618.4,2026-08-28T16:15
4.4,-175.104,-24.8,10,2026-08-28T15:33
4.4,120.414,-8.216,10,2026-08-28T15:24
3.5,-178.251,51.215,35,2026-08-28T15:04
2.54,-119.43,37.582,3.9,2026-08-28T14:51
4.4,142.182,40.225,71.2,2026-08-28T14:31
2.91,-64.864,18.401,55.3,2026-08-28T14:26
4.5,-68.437,-21.186,121.5,2026-08-28T14:11
2.7,-178.761,51.009,20.1,2026-08-28T13:37
2.5,-179.885,51.778,112.2,2026-08-28T13:29
2.6,-178.844,51.092,34.4,2026-08-28T13:13
2.6,-175.403,51.77,67.0,2026-08-28T13:09
2.8,-178.741,51.036,25.4,2026-08-28T12:32
2.9,-173.346,51.554,15.5,2026-08-28T12:31
4.5,141.204,-3.665,10,2026-08-28T12:21
2.7,-178.668,51.037,35.4,2026-08-28T11:53
4.4,-178.645,-21.123,535.4,2026-08-28T10:38
2.58,-66.633,18.491,13.6,2026-08-28T10:29
4.6,127.374,-6.973,10,2026-08-28T10:23
3.1,-154.419,56.079,24,2026-08-28T10:18
4.5,125.261,25.84,131.7,2026-08-28T10:11
2.9,-104.367,31.672,7.8,2026-08-28T10:02
2.98,-109.889,41.56,-1.9,2026-08-28T09:27
2.6,-178.702,50.995,14.9,2026-08-28T09:26
5,160.661,52.124,10,2026-08-28T09:12
4.1,141.161,-3.719,44.1,2026-08-28T08:56
5,168.231,-19.249,10,2026-08-28T08:32
4.5,125.417,5.276,66.0,2026-08-28T08:22
2.8,-154.419,18.532,8.2,2026-08-28T08:20
3.1,-143.778,63.042,0.1,2026-08-28T06:49
4.3,-78.429,10.041,35,2026-08-28T06:46
3.1,179.964,51.521,74.1,2026-08-28T06:26
2.5,-178.196,51.363,25.6,2026-08-28T05:55
5,105.229,29.275,10,2026-08-28T05:13
5.2,111.585,-50.116,10,2026-08-28T04:59
3.42,-64.379,18.871,39.2,2026-08-28T04:02
3.3,-66.093,19.196,25.8,2026-08-28T03:20
5,-103.46,8.419,10,2026-08-28T02:39
3.2,-113.451,47.155,24.3,2026-08-28T02:38
4.4,120.362,22.041,12.1,2026-08-28T02:20
3,-149.986,65.462,2.2,2026-08-28T01:17
4.7,126.9,1.776,41.6,2026-08-28T00:43
4.4,-67.287,10.249,10,2026-08-28T00:38
4.1,130.318,-6.323,124.4,2026-08-28T00:03
4.5,151.991,-3.888,266.7,2026-08-27T23:50
3.2,-151.537,58.162,37.8,2026-08-27T23:19
4.9,-177.717,-20.413,519.0,2026-08-27T23:02
2.9,-166.771,53.099,35,2026-08-27T22:40
4.4,128.22,1.889,114.8,2026-08-27T22:22
4.6,142.232,42.042,60.5,2026-08-27T22:13
6,50.542,13.265,10,2026-08-27T21:07
4.4,120.287,-7.932,10,2026-08-27T21:05
4.6,-179.906,-35.01,34.2,2026-08-27T20:07
4.8,142.348,40.634,58.6,2026-08-27T19:54
4.6,141.4,36.91,49.1,2026-08-27T19:45
4.5,-176.825,-28.35,10,2026-08-27T19:35
2.61,-67.066,17.951,7.8,2026-08-27T19:33
4.4,145.694,18.668,218.6,2026-08-27T19:06
2.6,-104.416,31.671,7.4,2026-08-27T18:55
4.9,125.628,5.998,10,2026-08-27T18:43
3,-150.721,63.649,5,2026-08-27T18:37
2.6,-135.517,55.959,7.2,2026-08-27T18:02
4.5,-69.441,-17.571,144.0,2026-08-27T17:40
2.5,-166.618,52.957,16.6,2026-08-27T17:33
4.2,-79.995,-3.089,51.8,2026-08-27T17:23
4.1,-80.639,-3.416,40.9,2026-08-27T17:09
2.5,-150.759,60.563,55.8,2026-08-27T17:05
2.7,-163.209,53.001,10,2026-08-27T16:56
2.7,-163.453,53.071,10,2026-08-27T16:50
4.7,120.487,-7.834,10,2026-08-27T16:31
4.5,-76.686,4.559,63.7,2026-08-27T16:21
4.3,120.974,-7.74,10,2026-08-27T16:16
2.7,-164.746,53.608,35,2026-08-27T15:40
3.5,-71.214,8.667,10,2026-08-27T15:36
2.5,-151.931,55.902,15,2026-08-27T15:29
4.7,-76.749,4.513,61.4,2026-08-27T15:25
2.8,-103.737,31.794,9.1,2026-08-27T14:48
5,86.913,33.255,10,2026-08-27T14:45
4.8,-163.43,53.065,10,2026-08-27T14:30
2.5,-175.124,51.523,26.1,2026-08-27T12:21
4.5,173.335,-19.779,10,2026-08-27T12:17
4.9,70.774,-26.074,10,2026-08-27T11:47
2.9,-162.482,54.08,2.4,2026-08-27T10:55
5.3,120.054,-8.032,10,2026-08-27T10:33
3.4,-150.512,60.021,35.6,2026-08-27T10:05
4.5,160.267,51.477,10,2026-08-27T09:33
2.8,-150.742,62.557,75.3,2026-08-27T08:22
4.2,142.66,24.228,31.9,2026-08-27T08:09
3.6,-172.296,52.189,72.8,2026-08-27T07:54
4.3,142.714,24.211,24.0,2026-08-27T07:22
4.1,142.534,24.124,39.9,2026-08-27T07:12
4.5,121.73,-8.197,26.5,2026-08-27T06:15
2.46,-155.57,19.892,-2.1,2026-08-27T06:02
4.3,-66.1,-22.806,259.4,2026-08-27T05:53
5.2,142.747,24.262,10,2026-08-27T05:44
4.5,32.057,-48.014,10,2026-08-27T05:30
2.6,-152.498,59.819,87.3,2026-08-27T05:09
2.8,178.644,51.578,72.8,2026-08-27T04:55
2.5,-160.113,54.559,5.7,2026-08-27T04:49
5.1,-20.298,-22.567,10,2026-08-27T04:19
2.56,-115.778,32.142,6.2,2026-08-27T03:36
2.8,-173.131,50.976,14.9,2026-08-27T01:54
3.44,-68.846,19.191,10.5,2026-08-27T01:41
4.3,-26.311,-56.19,35,2026-08-26T23:42
4.7,-68.698,-21.331,122.2,2026-08-26T23:20
4.2,-71.466,-35.312,79.1,2026-08-26T22:23
4.2,169.428,-18.849,255.3,2026-08-26T22:04
4.6,121.547,22.85,25.3,2026-08-26T21:47
3.7,176.16,51.901,68.4,2026-08-26T21:08
4.2,-175.247,-17.261,294.5,2026-08-26T21:03
4.5,168.914,-13.946,10,2026-08-26T19:50
2.75,-124.942,40.964,23.4,2026-08-26T19:44
2.5,-155.459,59.462,7.7,2026-08-26T19:43
4,-74.873,-16.994,10,2026-08-26T19:29
5.6,143.845,38.182,16.1,2026-08-26T19:21
4.4,130.382,-6.217,132.0,2026-08-26T19:02
4.7,120.614,-8.333,10,2026-08-26T18:34
4.9,120.698,-8.311,10,2026-08-26T18:23
2.6,-67.065,17.965,14.1,2026-08-26T17:49
3.11,-66.629,18.79,51.2,2026-08-26T17:24
2.9,-161.304,54.619,35,2026-08-26T17:17
2.7,-178.015,51.27,35,2026-08-26T17:14
2.5,-150.258,61.25,48.6,2026-08-26T17:02
4.7,121.201,-8.315,10,2026-08-26T16:52
4.9,-73.004,6.755,159.0,2026-08-26T16:45
4.1,-175.716,-19.804,219.8,2026-08-26T16:22
2.6,-148.876,66.48,14,2026-08-26T16:18
4.4,125.656,4.654,10,2026-08-26T15:58
3.1,178.591,51.214,31.3,2026-08-26T15:52
3.42,-65.995,19.137,15.4,2026-08-26T15:48
4.2,161.684,-10.925,10,2026-08-26T15:45
4.7,83.93,-42.411,10,2026-08-26T15:36
4.5,167.386,-17.811,10,2026-08-26T15:32
4.9,165.809,-11.043,58.5,2026-08-26T14:25
4.3,165.532,-11.261,10,2026-08-26T14:22
5,121.419,-8.351,10,2026-08-26T14:15
4.3,160.588,52.194,10,2026-08-26T13:52
4.2,107.831,-8.153,51.1,2026-08-26T13:43
3.3,176.356,51.957,5,2026-08-26T12:53
3.1,-65.429,17.969,6.2,2026-08-26T12:28
4.5,-65.318,-57.444,10,2026-08-26T11:38
4.4,-69.448,-26.123,103.6,2026-08-26T10:59
4.1,-159.999,54.546,35.6,2026-08-26T10:58
4.6,122.327,21.537,10,2026-08-26T09:51
4.6,121.337,-8.33,10,2026-08-26T09:47
3.1,176.301,51.958,10,2026-08-26T09:43
4.03,-68.787,18.421,128,2026-08-26T09:42
2.94,-65.439,17.944,6.2,2026-08-26T08:07
2.85,-65.418,17.959,4.2,2026-08-26T07:58
4.6,146.465,44.716,163.8,2026-08-26T07:32
2.98,-64.944,18.708,17.7,2026-08-26T07:09
2.7,-165.367,52.326,17.7,2026-08-26T06:55
4.8,143.69,39.707,10,2026-08-26T06:54
2.5,177.593,51.772,84.4,2026-08-26T06:21
4.2,85.515,28.27,0,2026-08-26T06:00
4.8,11.598,-52.798,10,2026-08-26T05:45
2.5,-164.111,53.824,22.4,2026-08-26T05:25
2.6,-119.61,36.187,21.8,2026-08-26T05:02
3,-103.744,31.793,9.0,2026-08-26T04:59
2.9,179.168,51.632,15.9,2026-08-26T04:55
4.1,140.536,28.877,138.1,2026-08-26T04:38
2.6,-150.469,60.641,52.3,2026-08-26T04:37
4.5,-14.779,-12.464,10,2026-08-26T03:49
2.9,176.329,51.958,12.6,2026-08-26T03:12
3.4,-153.176,59.93,130.6,2026-08-26T02:56
2.8,176.319,51.944,13.9,2026-08-26T02:56
5.2,85.515,28.271,0,2026-08-26T02:52
4.5,71.335,36.53,99.4,2026-08-26T02:24
4.5,127.537,-6.597,10,2026-08-26T02:05
4.8,127.575,-6.623,10,2026-08-26T01:48
2.46,-156.367,20.162,5.4,2026-08-26T01:44
4.2,-70.986,-25.486,36.1,2026-08-26T01:37
4.6,120.294,-7.816,10,2026-08-26T01:31
4.1,176.361,52.07,8.4,2026-08-26T01:21
4.4,120.31,-7.74,10,2026-08-26T01:20
2.9,176.351,51.977,12.4,2026-08-26T01:19
2.8,176.341,51.951,31.1,2026-08-26T00:38
4.5,120.142,-7.782,10,2026-08-26T00:38
4.5,159.402,50.95,10,2026-08-26T00:36
2.5,-165.185,53.782,35.1,2026-08-26T00:34
4.3,120.36,-7.866,8.8,2026-08-26T00:34
4.3,120.621,-8.547,11.2,2026-08-26T00:25
4.1,119.996,-7.926,10,2026-08-26T00:23
4,77.822,31.551,54.1,2026-08-26T00:16
2.61,-155.584,19.174,7.8,2026-08-25T23:58
4,98.587,2.584,151.1,2026-08-25T23:57
4.2,139.439,36.395,78.3,2026-08-25T23:33
2.59,-124.559,40.34,29.4,2026-08-25T23:03
2.6,-125.958,40.547,15.5,2026-08-25T23:02
2.7,176.287,51.818,18.9,2026-08-25T22:39
4.7,-19.807,-0.469,10,2026-08-25T22:23
2.8,-159.816,55.025,24.0,2026-08-25T22:14
3,-126.907,43.348,10,2026-08-25T22:01
4.4,74.42,36.781,50.0,2026-08-25T22:00
4.9,120.729,-8.236,10.7,2026-08-25T21:23
4.5,120.34,-7.947,15.7,2026-08-25T21:22
3.3,176.182,51.79,52.8,2026-08-25T21:21
4.1,149.615,-6.722,10,2026-08-25T20:50
4.7,141.853,37.33,35,2026-08-25T20:23
3.06,-116.067,33.239,4.3,2026-08-25T20:17
3,176.257,51.956,10,2026-08-25T20:16
3.4,-152.86,59.515,96,2026-08-25T20:01
2.8,176.259,51.968,3.2,2026-08-25T20:00
2.61,-155.582,20.261,43.6,2026-08-25T19:52
2.67,-65.697,17.877,3.1,2026-08-25T19:47
4.4,159.501,51.365,10,2026-08-25T19:32
2.5,-169.398,52.313,15.7,2026-08-25T19:25
2.9,176.367,52.112,10,2026-08-25T19:21
4.4,126.472,4.353,40.8,2026-08-25T19:15
2.5,-167.107,53.093,35,2026-08-25T19:14
4.1,38.365,38.132,10,2026-08-25T18:43
2.9,176.268,51.958,10.4,2026-08-25T18:31
4.2,121.149,-8.372,10,2026-08-25T18:20
2.6,-147.517,60.314,19.4,2026-08-25T18:11
4.3,149.572,46.412,185.4,2026-08-25T17:44
3,176.305,51.991,5,2026-08-25T16:56
2.5,-161.295,54.493,9.3,2026-08-25T16:52
2.7,-135.62,67.777,20,2026-08-25T16:26
4.5,170.499,-14.235,629.0,2026-08-25T16:23
2.7,-147.542,60.336,13.7,2026-08-25T16:21
3.5,176.221,51.855,18.1,2026-08-25T16:18
2.8,176.375,52.076,77.8,2026-08-25T16:02
3,-150.729,63.301,5,2026-08-25T16:02
5.2,-171.899,-17.409,10,2026-08-25T15:15
5,120.633,-8.076,10,2026-08-25T14:58
2.7,-163.729,52.83,26.7,2026-08-25T14:58
2.7,-159.821,55.058,6,2026-08-25T14:53
4.3,155.777,49.897,78.9,2026-08-25T14:45
3.4,176.28,51.949,7.8,2026-08-25T14:01
4.4,19.52,40.95,10,2026-08-25T13:56
2.8,176.339,52.071,1.5,2026-08-25T13:39
2.5,-166.984,52.36,17.2,2026-08-25T12:58
2.9,179.351,50.172,1.9,2026-08-25T12:31
2.5,-174.393,52.084,173,2026-08-25T12:29
4.3,-91.525,14.789,129.3,2026-08-25T12:27
4.3,167.884,-44.372,10,2026-08-25T12:26
5.5,179.821,-23.35,528.3,2026-08-25T12:12
4.9,127.333,-3.652,10,2026-08-25T11:29
2.5,-160.066,54.438,4.4,2026-08-25T10:35
2.9,-165.222,53.394,2.1,2026-08-25T10:06
2.59,-118.742,37.41,15.2,2026-08-25T09:51
2.6,-161.559,54.331,1,2026-08-25T09:48
2.7,-104.302,31.692,7.3,2026-08-25T09:17
5,145.634,43.045,96.9,2026-08-25T09:07
2.9,-148.569,56.63,10,2026-08-25T08:53
4.6,163.981,-10.942,10,2026-08-25T08:18
3.6,-176.156,51.325,10,2026-08-25T08:08
2.5,-178.069,51.353,7.4,2026-08-25T07:53
2.5,-174.02,51.52,7.7,2026-08-25T07:49
2.6,-149.195,65.587,7.7,2026-08-25T07:22
5.5,121.641,22.61,10.1,2026-08-25T07:00
4.6,124.453,3.418,322.9,2026-08-25T06:48
4.5,96.731,-0.047,10,2026-08-25T06:44
4.4,66.413,-12.947,10,2026-08-25T06:42
4.2,47.398,33.101,10,2026-08-25T06:19
4.2,-23.235,63.845,10,2026-08-25T05:46
4.4,-23.419,63.747,10,2026-08-25T03:38
4.13,-68.184,18.839,90,2026-08-25T03:25
4.4,-85.655,16.851,10,2026-08-25T03:13
4.7,127.559,-6.615,10.2,2026-08-25T03:06
3.14,-64.641,18.549,14.4,2026-08-25T02:56
4.7,126.855,9.033,13.5,2026-08-25T01:59
4.4,26.335,45.655,143.6,2026-08-25T01:56
4.5,155.641,-6.973,109.3,2026-08-25T01:22
4.9,70.463,34.462,10,2026-08-25T01:18
4.1,120.281,-8.164,10,2026-08-25T00:37
2.5,-177.024,51.296,29.4,2026-08-25T00:32
4.2,98.542,3.055,153.9,2026-08-25T00:27
4.9,120.192,-8.352,10,2026-08-25T00:05
4.1,120.006,-8.395,10,2026-08-24T23:27
4.5,124.928,23.794,10,2026-08-24T23:26
3.1,-151.482,63.159,0.7,2026-08-24T23:13
3,-157.999,56.41,86.1,2026-08-24T22:52
2.7,-107.551,35.264,7.6,2026-08-24T22:51
4.3,141.514,42.572,132.0,2026-08-24T22:05
4,-72.117,-15.32,122.2,2026-08-24T21:55
4.6,-15.405,-44.566,10,2026-08-24T21:21
4.6,151.505,-6.37,10,2026-08-24T21:02
2.6,178.332,51.441,51,2026-08-24T20:25
3.9,-154.314,58.966,125.5,2026-08-24T20:13
2.9,176.328,52.008,10,2026-08-24T19:41
3.7,144.805,14.078,188.1,2026-08-24T19:40
2.5,-166.291,53.222,29.3,2026-08-24T19:37
5,127.499,-6.699,9.9,2026-08-24T19:00
4.4,-76.76,4.35,74.0,2026-08-24T18:55
2.5,-151.98,60.407,90.5,2026-08-24T18:50
2.7,-160.214,54.334,35,2026-08-24T18:10
4.5,142.906,40.431,35,2026-08-24T18:07
2.92,-67.529,18.79,8.8,2026-08-24T17:16
3.2,176.271,52.043,10,2026-08-24T17:01
3.1,176.297,51.983,10,2026-08-24T16:44
4.7,145.681,18.668,204.7,2026-08-24T16:25
2.6,-93.396,31.841,6.4,2026-08-24T15:58
2.6,-151.479,61.934,85.7,2026-08-24T15:42
4.9,128.704,25.982,10,2026-08-24T15:27
4.8,120.431,-7.793,10,2026-08-24T15:12
4.2,142.669,40.246,35,2026-08-24T14:47
4.4,-47.438,-60.262,10,2026-08-24T14:46
6,127.424,-6.655,10,2026-08-24T14:10
2.57,-118.835,37.45,3.1,2026-08-24T14:09
2.76,-118.834,37.449,2.6,2026-08-24T13:23
5,-13.837,-17.704,10,2026-08-24T12:29
4.3,143.121,40.023,32.7,2026-08-24T12:14
3.5,176.278,51.968,10,2026-08-24T12:04
2.98,-67.342,18.756,11.1,2026-08-24T12:00
2.5,-157.578,57.753,189.2,2026-08-24T11:31
2.7,-156.219,57.067,1.2,2026-08-24T11:24
3.1,176.318,52.061,10,2026-08-24T11:17
2.6,-151.147,58.389,0.8,2026-08-24T11:08
3.1,-104.541,31.739,6.0,2026-08-24T11:05
4.9,-171.959,-18.128,10,2026-08-24T10:19
5.4,129.711,-5.073,10,2026-08-24T10:02
2.76,-118.833,37.447,2.4,2026-08-24T09:39
4.6,142.582,26.421,10,2026-08-24T09:10
2.7,-119.512,38.515,6.3,2026-08-24T08:54
2.5,-150.835,65.852,6.5,2026-08-24T08:39
3.1,176.328,52.015,0.9,2026-08-24T08:25
2.71,-117.844,36.067,2.3,2026-08-24T07:51
4.9,-83.913,9.985,10,2026-08-24T07:37
4.5,-176.289,-20.987,209.2,2026-08-24T05:40
4.5,-67.154,-28.143,129.5,2026-08-24T05:04
2.55,-67.376,18.332,13.1,2026-08-24T04:52
2.7,-179.055,51.044,15.4,2026-08-24T04:01
4.8,125.229,5.331,68.3,2026-08-24T03:59
2.5,-174.434,51.724,7.6,2026-08-24T03:46
3.2,176.313,51.981,1.3,2026-08-24T03:38
4.1,-93.228,14.191,10,2026-08-24T03:33
4.9,-14.944,-12.585,10,2026-08-24T02:45
4.4,-76.827,4.482,78.3,2026-08-24T02:41
4.7,120.427,-7.978,10,2026-08-24T02:19
3.2,-151.04,58.552,23.8,2026-08-24T02:00
3.39,-67.732,19.098,40.0,2026-08-24T01:43
4.3,138.947,-2.564,10,2026-08-24T01:38
2.5,-178.181,51.155,28.3,2026-08-24T01:27
4.6,120.489,-8.197,10,2026-08-24T01:12
2.8,-149.912,56.17,10,2026-08-24T01:04
4.2,120.756,-7.743,10,2026-08-24T00:55
4.1,120.6,-7.811,10,2026-08-24T00:47
2.9,-149.964,56.168,10,2026-08-24T00:41
4.9,105.036,28.377,10,2026-08-24T00:26
4.6,120.082,-7.912,10,2026-08-24T00:22
2.6,-166.915,52.94,35,2026-08-23T23:45
2.9,178.326,50.745,10,2026-08-23T23:42
2.7,-178.63,51.589,94.9,2026-08-23T23:40
4.1,107.771,-8.164,58.3,2026-08-23T23:29
5,176.43,52.191,8.1,2026-08-23T23:20
4.2,23.433,34.337,35,2026-08-23T23:11
2.8,-101.607,32.4,6.3,2026-08-23T23:06
4.3,120.249,-8.298,10,2026-08-23T23:05
4.2,-66.816,-24.03,187.8,2026-08-23T22:58
4.7,120.625,-8.146,10,2026-08-23T22:57
2.6,-66.92,17.856,11.8,2026-08-23T22:08
4.3,-179.055,-21.685,591.0,2026-08-23T21:39
5.2,164.641,-10.707,10,2026-08-23T21:32
3.2,-176.981,51.799,80.2,2026-08-23T21:32
4.5,119.937,-8.505,10,2026-08-23T21:27
5.2,120.849,-8.185,10,2026-08-23T21:20
4.5,-71.589,-36.742,100.1,2026-08-23T20:38
2.6,-176.132,51.48,35,2026-08-23T20:35
3,179.913,51.993,178.8,2026-08-23T20:13
4.4,100.665,-2.072,66.2,2026-08-23T19:56
2.5,-150.942,61.609,71.9,2026-08-23T19:55
4.7,126.165,5.827,11.2,2026-08-23T18:57
2.8,-127.289,43.504,10,2026-08-23T18:26
3.1,-169.371,52.021,10,2026-08-23T18:17
4.5,-66.417,-23.07,223.2,2026-08-23T17:56
4.3,157.681,51.336,65.4,2026-08-23T17:37
4.9,-25.212,-58.757,35,2026-08-23T17:23
4.5,142.897,42.164,60.4,2026-08-23T16:36
2.7,-164.769,53.743,35,2026-08-23T15:08
3.3,177.36,51.735,80.3,2026-08-23T14:47
3.5,176.295,51.907,67.2,2026-08-23T14:46
4.7,155.382,-7.015,10,2026-08-23T14:05
2.7,-170.421,52.146,20.7,2026-08-23T14:01
6,142.802,41.849,41,2026-08-23T13:44
2.5,-152.16,58.936,64.5,2026-08-23T13:37
3.1,-150.805,62.898,101.1,2026-08-23T12:50
3.17,-155.497,19.366,7.8,2026-08-23T12:25
2.7,-162.098,54.472,35,2026-08-23T12:12
2.7,-150.346,60.108,38.2,2026-08-23T12:04
4.1,-179.663,-21.008,551.0,2026-08-23T11:23
5.3,-14.852,-12.83,10,2026-08-23T11:22
4.5,161.212,-10.149,63.8,2026-08-23T11:11
4.3,146.822,-6.203,103.0,2026-08-23T10:44
4.2,121.298,20.494,35,2026-08-23T10:31
4.1,-61.08,16.777,40.6,2026-08-23T10:16
4.6,74.477,36.76,45.5,2026-08-23T10:04
2.58,-122.949,39.496,12.4,2026-08-23T09:37
3.5077201994852,-117.842,36.066,2.8,2026-08-23T09:16
3.09,-67.372,18.789,5.0,2026-08-23T08:57
2.65,-117.838,36.061,2.6,2026-08-23T08:15
5.2,163.084,-10.868,128.0,2026-08-23T08:12
3.36,-117.839,36.066,2.5,2026-08-23T08:01
3.96264786337985,-117.839,36.067,2.8,2026-08-23T07:59
2.8,-174.33,51.727,52.0,2026-08-23T07:56
4.5,160.159,51.345,10,2026-08-23T07:52
4,176.564,51.724,42.4,2026-08-23T07:51
3.8,-153.49,58.056,64.8,2026-08-23T07:42
4.4,159.835,51.547,27.7,2026-08-23T07:24
3.41,-65.398,19.43,45.6,2026-08-23T07:21
4.2,151.371,43.26,10,2026-08-23T06:43
2.5,-166.551,53.619,84.4,2026-08-23T06:28
2.5,-139.907,60.585,5,2026-08-23T06:03
4,-65.23,10.662,10,2026-08-23T05:47
4.3,-178.127,-18.362,572.7,2026-08-23T05:39
4.2,120.499,-0.043,105.9,2026-08-23T05:11
3.4,-150.52,60.691,48.5,2026-08-23T05:06
3.3,-150.271,61.569,61.8,2026-08-23T05:02
2.5,-152.135,60.663,96.5,2026-08-23T04:29
4.6,-47.234,-60.259,10,2026-08-23T04:23
4.6,-47.387,-60.28,10,2026-08-23T04:19
4.6,96.126,17.79,10,2026-08-23T03:44
2.5,-174.98,50.821,5.3,2026-08-23T02:48
3.1,-155.752,61.967,2.3,2026-08-23T02:23
2.5,-163.07,53.949,35,2026-08-23T02:02
2.6,-179.874,49.942,10,2026-08-23T01:55
3.32,-67.683,18.992,19.9,2026-08-23T01:33
2.7,-176.071,51.337,35,2026-08-23T00:52
2.75,-120.47,35.921,4.6,2026-08-23T00:47
4.4,141.946,36.965,35,2026-08-23T00:32
3.3,-160.241,54.542,35,2026-08-22T22:28
2.6,-175.781,51.884,150.9,2026-08-22T22:26
4.4,71.381,36.699,178.6,2026-08-22T22:14
4.5,120.741,-8.121,10,2026-08-22T22:01
4.5,-93.206,14.255,10,2026-08-22T21:53
2.55,-66.846,17.881,10.2,2026-08-22T21:40
2.6,-156.605,67.436,2,2026-08-22T21:33
2.7,-159.807,54.42,35,2026-08-22T21:05
3.7,176.391,52.017,10,2026-08-22T21:04
3.2,-160.125,54.075,10,2026-08-22T20:03
4.8,123.032,-0.161,110.1,2026-08-22T19:54
4,176.323,52.041,10,2026-08-22T19:19
3.4,176.351,52.037,10,2026-08-22T18:55
4.6,-68.815,-22.209,105.5,2026-08-22T18:46
4.4,128.548,28.173,83.9,2026-08-22T18:44
2.9,176.266,51.84,10,2026-08-22T18:42
3,-158.471,55.798,54.4,2026-08-22T18:19
3,176.341,52.082,10,2026-08-22T18:15
4.5,100.862,-2.938,37.8,2026-08-22T17:40
2.6,177.116,51.616,100.4,2026-08-22T17:02
5.8,140.197,35.968,61,2026-08-22T17:00
4.6,120.599,-7.894,10,2026-08-22T16:42
4.7,100.487,-3.297,26.3,2026-08-22T16:33
3,176.33,52.064,82.8,2026-08-22T14:34
2.6,-126.696,41.884,18.1,2026-08-22T13:00
2.7,-178.061,51.253,43.8,2026-08-22T11:39
4,-107.596,35.266,10,2026-08-22T10:19
2.5,-176.614,51.859,10.3,2026-08-22T10:02
3.41,-64.828,19.389,14.8,2026-08-22T09:06
3.27,-68.532,18.004,66.4,2026-08-22T08:59
4.8,120.7,-7.894,10,2026-08-22T08:29
6.2,-47.605,-60.379,10,2026-08-22T08:22
3,-161.362,54.441,35,2026-08-22T08:14
2.65,-118.998,39.347,6.6,2026-08-22T07:51
4.6,145.329,14.337,115.9,2026-08-22T07:43
3.9,-149.666,60.911,31.3,2026-08-22T07:42
5.7,-47.266,-60.288,10,2026-08-22T07:40
4.9,-44.684,12.573,10,2026-08-22T07:21
2.6,-169.674,52.192,14,2026-08-22T06:57
4.3,-176.793,-26.683,10,2026-08-22T06:53
5,126.722,6.747,111.8,2026-08-22T06:43
4.4,-176.577,-26.408,10,2026-08-22T06:36
4.2,121.809,-8.175,10,2026-08-22T06:29
3.21,-67.566,18.84,17.2,2026-08-22T06:22
3.7,-67.771,19.039,71,2026-08-22T05:50
4.9,146.699,13.891,10,2026-08-22T05:47
4.7,121.432,-8.177,10,2026-08-22T05:45
3.1,176.286,51.853,10,2026-08-22T05:12
2.7,-163.226,54.0,35,2026-08-22T05:09
4.5,-78.643,-10.783,35.6,2026-08-22T04:45
5,125.569,9.358,10,2026-08-22T04:44
4.2,152.495,47.548,127.0,2026-08-22T04:00
2.7,176.456,52.336,79.9,2026-08-22T03:52
4.4,122.092,24.44,39.8,2026-08-22T03:40
4.4,103.789,-6.791,23.4,2026-08-22T02:57
4.3,142.687,42.438,97.0,2026-08-22T02:35
4.5,120.232,13.415,35,2026-08-22T02:26
4.6,120.415,-8.332,10,2026-08-22T01:59
3.68,-64.778,19.51,11,2026-08-22T01:53
4.7,-14.998,-12.449,10,2026-08-22T01:50
5.3,-14.759,-12.744,10,2026-08-22T01:34
5.2,120.554,-8.141,10,2026-08-22T01:30
4.2,-93.756,16.775,157.9,2026-08-22T00:36
4.4,-66.319,-22.564,249.3,2026-08-22T00:03
2.9,-149.837,56.116,10,2026-08-21T23:56
4.7,-68.885,-25.56,105.5,2026-08-21T22:26
4.4,158.513,51.921,69.5,2026-08-21T22:00
4.3,130.077,-7.734,27.8,2026-08-21T21:55
4.2,69.667,34.601,10,2026-08-21T21:54
2.58,-117.12,37.214,8.3,2026-08-21T21:53
4.9,120.637,-7.878,10,2026-08-21T20:21
3.4,-93.358,32.114,5,2026-08-21T20:00
4.2,104.54,-7.681,10,2026-08-21T18:40
2.85,-119.645,36.132,26.1,2026-08-21T18:37
4.2,120.037,-8.157,10,2026-08-21T18:22
4.7,126.854,23.703,10,2026-08-21T18:05
5.8,104.585,-7.532,9,2026-08-21T17:41
3.29,-117.842,36.069,2.5,2026-08-21T17:26
4.9,120.419,-7.821,10,2026-08-21T17:06
4.6,-175.596,-19.622,272.9,2026-08-21T16:45
4.5,120.197,-8.483,10,2026-08-21T16:05
4.5,-105.578,-35.34,10,2026-08-21T15:49
4.1,-175.658,-18.46,271.1,2026-08-21T15:21
2.98,-117.842,36.065,2.7,2026-08-21T15:16
4.4,142.597,28.603,10,2026-08-21T15:08
4.3,179.862,-24.521,525.1,2026-08-21T14:27
4.6,-27.64,48.043,10,2026-08-21T13:44
3.4,-64.866,19.326,11.7,2026-08-21T13:31
4.1,-175.485,-18.416,272.2,2026-08-21T13:26
4.5,179.805,-24.53,522.3,2026-08-21T13:11
5.4,-26.552,-58.837,152.0,2026-08-21T13:06
2.6,-165.835,53.407,26.9,2026-08-21T12:43
4.9,131.032,-3.334,10,2026-08-21T12:32
4.7,-178.677,-31.944,75.8,2026-08-21T12:19
4.2,-93.346,15.213,58.6,2026-08-21T12:07
5.4,140.494,33.698,65.5,2026-08-21T12:02
4.5,130.001,-6.429,170.8,2026-08-21T11:55
4.6,120.928,-8.267,10,2026-08-21T11:54
2.9,179.723,51.333,21.5,2026-08-21T11:22
4.5,125.441,9.263,10,2026-08-21T11:20
4.5,120.514,-8.17,10,2026-08-21T11:16
2.71,-125.172,40.422,10,2026-08-21T11:10
4.7,120.564,-8.255,9.3,2026-08-21T11:03
4.5,146.783,47.219,350.5,2026-08-21T10:38
3.5,-160.107,54.425,35,2026-08-21T09:56
3.2,-104.435,31.654,6.7,2026-08-21T09:40
5.1,125.578,9.483,10,2026-08-21T09:22
5.2,125.342,9.338,10,2026-08-21T09:12
4.4,120.598,-8.28,12.4,2026-08-21T08:54
4.5,120.442,-8.184,8.6,2026-08-21T08:30
4.9,120.464,-7.832,35.1,2026-08-21T08:14
5.1,-175.256,-24.821,10,2026-08-21T08:12
3.2,-156.848,54.731,35.7,2026-08-21T07:55
3.4,176.328,52.044,10,2026-08-21T07:21
3.12,-109.873,41.562,-2.8,2026-08-21T07:09
4.4,121.262,-8.314,10,2026-08-21T06:19
4.6,23.502,-53.212,10,2026-08-21T05:56
2.6,-168.259,52.359,4.2,2026-08-21T05:23
2.8,-163.192,53.892,10,2026-08-21T05:22
2.6,-163.071,53.941,40.9,2026-08-21T05:13
4.2,-72.312,-30.09,10,2026-08-21T05:04
4.2,-163.341,53.95,30.9,2026-08-21T03:14
3.4,-64.814,19.275,73.0,2026-08-21T02:41
3.73,-64.865,19.421,18,2026-08-21T02:36
4.6,120.511,-8.379,10,2026-08-21T02:33
4.4,120.426,-8.254,10,2026-08-21T02:17
4.1,128.724,2.632,261.3,2026-08-21T02:12
4.3,33.571,41.02,10,2026-08-21T02:06
2.5,-156.182,67.874,3.7,2026-08-21T01:50
3.4,176.332,52.013,10,2026-08-21T01:49
4.6,121.339,-8.242,10,2026-08-21T01:38
2.5,-165.243,53.417,4.4,2026-08-21T01:28
4.6,120.6,-8.272,10,2026-08-21T01:18
3,176.335,52.06,11.3,2026-08-21T01:13
4.3,-165.27,53.572,50.1,2026-08-21T01:11
3.4,-176.256,51.281,6.8,2026-08-21T01:08
2.5,-104.223,31.655,6.5,2026-08-21T01:04
3.2,176.405,52.074,10,2026-08-21T00:06
4.7,127.747,26.504,42.7,2026-08-21T00:01
3.2,176.392,52.197,10,2026-08-20T23:39
5,-141.548,-56.883,10,2026-08-20T23:36
4.4,120.052,-8.016,10,2026-08-20T23:01
3,176.337,52.02,10,2026-08-20T22:06
2.8,-163.58,54.005,35,2026-08-20T22:05
2.6,-163.825,54.117,35,2026-08-20T22:05
4.5,145.614,15.921,211.3,2026-08-20T21:57
3.1,176.334,52.011,10,2026-08-20T21:50
3,176.323,51.933,10,2026-08-20T21:42
4.3,-74.008,-14.998,78.6,2026-08-20T21:30
4.7,120.754,-7.773,10,2026-08-20T20:52
4,-95.209,15.957,42.6,2026-08-20T20:38
4.4,-67.275,-24.308,199.9,2026-08-20T20:35
3.4,176.287,51.903,6.1,2026-08-20T20:23
5,121.365,-8.173,10,2026-08-20T19:53
5,121.211,-8.402,10,2026-08-20T19:24
4.5,120.902,-7.998,10,2026-08-20T19:15
3,176.393,52.014,10,2026-08-20T19:07
2.8,176.366,51.937,10,2026-08-20T18:34
5,120.212,-8.307,10,2026-08-20T18:30
5.1,153.436,-5.478,35,2026-08-20T18:25
5.6,121.372,-8.297,10,2026-08-20T18:12
6.7,-73.654,-14.57,99,2026-08-20T18:00
3.5,-148.103,61.566,12.4,2026-08-20T17:58
3.1,176.285,51.882,23.4,2026-08-20T17:43
2.8,-148.945,56.726,10,2026-08-20T17:10
4.4,119.921,-8.57,10,2026-08-20T16:37
2.5,-166.172,51.776,10,2026-08-20T16:33
3.1,-136.37,59.024,2,2026-08-20T16:14
4.3,141.064,-3.791,35,2026-08-20T16:03
2.8,-136.396,59.03,5,2026-08-20T15:02
4.2,143.02,21.958,207.4,2026-08-20T14:51
3.7,-160.599,55.291,10,2026-08-20T14:46
4.4,107.881,-8.087,53.4,2026-08-20T14:31
2.8,176.254,51.946,10,2026-08-20T14:04
5,148.547,-1.143,10,2026-08-20T13:55
2.9,-108.585,34.823,10,2026-08-20T13:36
2.69,-115.251,32.207,8.3,2026-08-20T13:32
4.4,171.417,-22.416,120.9,2026-08-20T13:14
2.6,-153.347,59.978,143.4,2026-08-20T13:11
4.5,121.216,-7.995,10,2026-08-20T12:28
4.8,-178.654,-17.819,574.0,2026-08-20T12:27
3,-149.217,61.185,28.5,2026-08-20T11:23
2.9,-152.862,60.033,120.4,2026-08-20T11:22
2.6,-174.933,50.328,35.2,2026-08-20T11:02
3.7,176.303,51.965,8.7,2026-08-20T10:53
4.6,120.869,-7.94,10,2026-08-20T10:08
4.6,95.534,37.829,10,2026-08-20T10:05
5,95.539,37.793,10,2026-08-20T09:49
5.3,120.67,-8.222,10,2026-08-20T09:30
4.8,120.64,-8.009,30.9,2026-08-20T08:53
2.6,-163.473,53.433,35,2026-08-20T08:53
3.01,-65.017,18.775,26.2,2026-08-20T08:32
2.58,-116.507,38.442,6.3,2026-08-20T08:27
2.5,-139.89,60.573,5,2026-08-20T08:25
4.3,120.28,-8.005,7.1,2026-08-20T08:12
5,120.491,-8.207,35,2026-08-20T08:01
4.5,120.516,-8.027,10,2026-08-20T07:58
5,120.332,-8.267,15.9,2026-08-20T07:55
4.5,120.608,-8.239,32.7,2026-08-20T07:50
4.2,-68.856,-21.27,125.0,2026-08-20T07:48
4.3,159.573,51.119,10,2026-08-20T07:36
4.6,159.659,51.437,10,2026-08-20T06:55
3,-150.949,63.008,125.2,2026-08-20T05:39
2.72,-115.746,36.712,7.2,2026-08-20T05:37
4.3,140.776,36.452,49.9,2026-08-20T05:28
4.6,120.465,-7.892,9.9,2026-08-20T05:08
2.6,176.424,52.202,75.8,2026-08-20T05:01
2.5,-168.048,52.181,1.4,2026-08-20T04:57
4.7,-70.384,-24.379,46.1,2026-08-20T04:52
3,176.296,51.986,6.5,2026-08-20T04:49
2.8,-172.199,50.871,10,2026-08-20T04:36
2.47,-88.78,37.057,13.9,2026-08-20T04:35
4.7,120.266,-7.987,10,2026-08-20T04:33
4.7,120.533,-8.261,10,2026-08-20T04:23
4.3,120.245,-7.943,10,2026-08-20T03:59
2.94,-67.6,18.743,20.5,2026-08-20T03:57
2.77,-64.723,18.942,26.9,2026-08-20T03:54
4.5,120.251,-8.336,10,2026-08-20T03:36
4.7,-67.112,-24.32,163.4,2026-08-20T03:09
4.6,120.59,-8.253,10,2026-08-20T03:00
2.6,-151.01,62.994,118.5,2026-08-20T02:58
5.6,120.531,-8.233,10,2026-08-20T02:46
4,178.782,50.883,10,2026-08-20T02:45
2.5,-165.621,53.293,35,2026-08-20T02:42
4.3,120.531,-7.798,10,2026-08-20T02:41
4.7,120.572,-8.257,10,2026-08-20T02:24
3.42,-64.409,18.823,4.5,2026-08-20T01:49
3,176.319,52.007,2.8,2026-08-20T01:31
5,169.233,-20.299,69.9,2026-08-20T00:20
2.7,176.951,51.869,10,2026-08-19T23:52
4.6,120.355,-8.373,10,2026-08-19T23:52
4.6,120.594,-8.261,10,2026-08-19T23:20
4.5,120.442,-8.189,10,2026-08-19T23:10
2.9,179.518,50.309,2.3,2026-08-19T23:05
4.5,120.041,-8.582,13.3,2026-08-19T22:55
5.8,120.544,-8.342,10,2026-08-19T22:45
4.5,120.41,-7.944,10,2026-08-19T22:44
4.2,119.746,-8.471,10,2026-08-19T22:37
4.5,120.494,-8.204,10,2026-08-19T22:33
5.2,120.445,-8.283,10,2026-08-19T22:28
4.1,119.942,-8.335,10,2026-08-19T21:43
4.2,56.075,14.65,10,2026-08-19T21:43
4.3,120.112,-8.296,10,2026-08-19T21:35
4.4,121.244,-7.607,10,2026-08-19T21:32
4.2,119.934,-8.409,10,2026-08-19T21:30
4.4,-179.794,-28.136,338.8,2026-08-19T21:11
4.3,120.343,-8.307,10.0,2026-08-19T21:08
4.5,13.047,66.938,10,2026-08-19T21:06
4.6,-94.341,17.574,180.3,2026-08-19T20:06
2.59,-114.788,37.048,5.7,2026-08-19T20:05
4.1,179.269,-21.745,596.5,2026-08-19T20:02
4.4,166.329,-11.809,113.1,2026-08-19T20:02
3.7,-152.531,60.029,108,2026-08-19T19:51
3.2,-171.091,52.19,100.5,2026-08-19T19:31
4.5,120.464,-8.239,10,2026-08-19T19:11
4.1,-93.243,14.057,10,2026-08-19T18:56
5.4,-178.685,-17.838,573.0,2026-08-19T18:45
3.4,174.528,51.193,10,2026-08-19T18:39
2.6,-151.05,62.918,113.8,2026-08-19T18:36
4.4,120.433,-8.271,10,2026-08-19T18:34
2.7,-173.251,52.475,9.1,2026-08-19T18:33
3.3,-153.469,60.096,163.8,2026-08-19T18:25
2.9,178.385,51.546,54.3,2026-08-19T18:12
5.3,155.76,49.573,51.8,2026-08-19T18:07
4.4,46.269,34.161,10,2026-08-19T17:36
4.8,126.676,5.859,10,2026-08-19T17:19
2.7,-154.991,57.906,87.9,2026-08-19T17:18
3.8,178.965,51.853,118.8,2026-08-19T16:49
4.4,152.949,-4.279,91.0,2026-08-19T16:43
4.2,119.692,-8.461,10,2026-08-19T16:36
4.3,120.142,-8.262,10,2026-08-19T16:34
5.5,120.558,-8.207,10,2026-08-19T16:17
4.2,143.281,41.829,47.7,2026-08-19T15:50
4.6,120.577,-8.074,10,2026-08-19T15:19
4.1,120.196,-8.237,10,2026-08-19T14:47
4.6,125.502,-5.213,540.0,2026-08-19T14:32
4.2,120.222,-8.258,10,2026-08-19T14:31
4.6,120.618,-8.145,10,2026-08-19T14:16
3.24,-64.668,18.699,53.8,2026-08-19T14:04
2.8,-152.37,62.238,10,2026-08-19T14:03
4.3,120.223,-7.925,10,2026-08-19T13:04
4.4,122.099,-6.922,10,2026-08-19T12:21
4.4,106.509,-5.858,199.3,2026-08-19T12:19
2.95,-64.913,18.366,33.8,2026-08-19T12:13
3.7,178.008,51.388,31.0,2026-08-19T12:12
4.4,127.952,29.071,233.4,2026-08-19T11:43
2.92,-66.317,18.531,75.1,2026-08-19T11:16
2.6,-171.306,51.865,35,2026-08-19T11:10
4.8,125.268,5.413,80.8,2026-08-19T11:01
4.8,120.468,-7.866,10,2026-08-19T10:44
2.5,-177.96,51.456,61.3,2026-08-19T10:44
2.9,-174.392,51.968,18.2,2026-08-19T10:33
4.2,156.465,50.422,87.3,2026-08-19T10:29
4.4,-76.961,-12.301,57.3,2026-08-19T10:28
4.3,-77.572,5.873,10,2026-08-19T10:07
4.7,-173.017,-16.102,10,2026-08-19T09:07
4.3,121.641,-8.304,10,2026-08-19T08:40
4.1,72.58,37.958,121.3,2026-08-19T08:34
3.7,-178.289,51.245,45.4,2026-08-19T08:22
2.6,176.831,52.068,9.6,2026-08-19T07:44
3.64,-116.652,33.406,4.7,2026-08-19T07:31
2.9,176.803,52.069,5.7,2026-08-19T07:27
3.7,176.881,51.868,10,2026-08-19T07:25
2.5,-160.305,54.366,10,2026-08-19T07:02
4.3,120.958,-8.13,10,2026-08-19T06:57
2.7,-150.751,61.72,51.9,2026-08-19T06:31
4.5,125.179,5.435,60.9,2026-08-19T06:29
2.9,-119.342,49.424,10,2026-08-19T06:17
4.7,95.526,37.829,10,2026-08-19T05:22
4.3,120.676,-7.729,10,2026-08-19T05:01
4.4,120.491,-8.252,10,2026-08-19T04:57
4.6,-68.55,-21.084,124.2,2026-08-19T04:51
4.7,121.104,19.173,10,2026-08-19T04:22
4.5,120.705,-8.1,10,2026-08-19T03:43
5.1,121.324,-8.365,10,2026-08-19T03:13
4.2,-14.647,-13.626,10,2026-08-19T02:40
3.5,-160.193,54.522,35,2026-08-19T02:32
2.5,-168.343,52.784,45.2,2026-08-19T02:24
4.5,-174.985,-15.175,223.5,2026-08-19T02:19
2.5,-159.705,54.43,20.4,2026-08-19T02:19
3.01,-116.491,38.432,11.7,2026-08-19T01:59
2.85,-116.496,38.431,11.4,2026-08-19T01:59
4.6,121.069,-8.194,10,2026-08-19T01:44
2.6,-149.784,63.203,10,2026-08-19T01:34
2.9,-178.119,51.386,2.7,2026-08-19T01:27
4.5,149.032,-5.491,9.0,2026-08-19T00:56
4.8,121.447,-8.281,35,2026-08-19T00:11
4.4,159.823,53.173,64.0,2026-08-19T00:06
4.6,121.263,-8.29,35,2026-08-18T23:59
2.7,-148.851,62.926,64.7,2026-08-18T23:59
4.2,-177.757,-20.122,505.6,2026-08-18T23:53
4.3,121.038,-8.46,10,2026-08-18T23:39
2.8,-172.72,50.711,10,2026-08-18T22:54
4.2,119.984,-8.367,10,2026-08-18T22:32
4.3,68.498,-5.006,10,2026-08-18T22:31
4.5,120.438,-8.064,35,2026-08-18T22:26
4.4,95.414,37.758,10,2026-08-18T21:59
2.61,-118.691,37.346,14.3,2026-08-18T21:54
5.5,95.571,37.843,6,2026-08-18T21:36
4.3,120.749,-8.374,10,2026-08-18T21:13
4.7,121.408,-8.16,35,2026-08-18T21:11
2.7,-173.189,51.403,10,2026-08-18T21:06
2.9,-150.11,61.332,38.1,2026-08-18T20:56
4.7,121.513,-8.312,10,2026-08-18T20:50
2.6,-172.03,51.993,10,2026-08-18T20:46
4.3,120.455,-8.664,10,2026-08-18T20:31
4.7,121.179,-8.336,10,2026-08-18T20:28
4.4,120.454,-8.216,10,2026-08-18T20:19
4.9,121.252,-8.273,10,2026-08-18T20:15
4.6,120.497,-7.764,10,2026-08-18T20:08
4.2,154.679,-5.819,297.1,2026-08-18T20:07
4.3,84.276,30.32,10,2026-08-18T19:59
5.2,70.687,36.403,215.0,2026-08-18T19:51
4.3,120.73,-8.286,10,2026-08-18T19:37
2.9,-150.174,60.762,49.3,2026-08-18T19:03
4.9,121.225,-8.349,10,2026-08-18T19:03
4.3,62.083,34.548,10,2026-08-18T18:51
4.4,120.85,-8.457,10,2026-08-18T18:29
4.1,120.254,-8.191,10,2026-08-18T18:15
4.1,120.582,-8.598,10,2026-08-18T18:12
4.6,-175.082,-24.745,10,2026-08-18T18:03
4.5,138.61,9.815,10,2026-08-18T18:01
2.54,-119.013,39.334,7.1,2026-08-18T18:00
2.5,-179.65,51.095,15.0,2026-08-18T17:59
4.5,-177.705,-20.022,408.0,2026-08-18T16:48
3.42,-64.847,19.08,33.9,2026-08-18T16:33
2.55,-123.218,40.871,30.8,2026-08-18T15:59
4,124.409,5.443,13.0,2026-08-18T15:35
2.77,-116.512,38.442,6.1,2026-08-18T15:12
2.72,-124.876,40.354,17.6,2026-08-18T14:59
4.5,120.551,-8.041,10,2026-08-18T14:50
2.6,-173.727,51.468,20,2026-08-18T14:36
2.62,-155.405,19.27,28.5,2026-08-18T14:18
4.3,76.582,32.362,10,2026-08-18T14:09
4.7,121.076,-7.877,10,2026-08-18T13:57
4.3,121.013,-7.83,10,2026-08-18T13:55
4.6,-175.367,-24.775,10,2026-08-18T13:48
3.2,176.926,51.929,10,2026-08-18T13:40
4.4,76.566,32.463,10,2026-08-18T13:24
4.3,120.813,-8.541,10,2026-08-18T13:13
2.69,-119.214,33.762,0.7,2026-08-18T13:12
3.4,-166.862,53.117,26.8,2026-08-18T13:05
2.6,-179.857,50.986,10.3,2026-08-18T13:03
4.4,138.892,-2.548,35,2026-08-18T12:57
2.9,176.924,51.752,2.0,2026-08-18T12:42
2.7,176.942,52.205,16.3,2026-08-18T12:32
4.5,120.406,-8.033,10,2026-08-18T12:30
4.5,120.428,-7.942,10,2026-08-18T12:28
2.9,177.051,51.815,10,2026-08-18T12:24
4.8,120.567,-7.945,10,2026-08-18T12:03
4.9,120.615,-7.887,10,2026-08-18T12:00
4.6,-175.262,-24.822,10,2026-08-18T11:55
2.5,-137.676,57.942,11.6,2026-08-18T11:31
4.7,120.456,-7.829,10,2026-08-18T11:06
2.9,-177.841,51.381,52.6,2026-08-18T11:00
2.7,176.925,51.913,4.6,2026-08-18T10:58
3.1,176.294,51.965,3.8,2026-08-18T10:51
4.4,-3.666,37.104,10,2026-08-18T10:39
2.7,176.981,51.947,8.0,2026-08-18T10:27
2.6,178.32,51.847,115.4,2026-08-18T10:20
4.6,-3.729,37.098,10,2026-08-18T09:34
3.3,-161.509,54.407,35,2026-08-18T09:04
4.5,-177.185,-24.794,131.0,2026-08-18T09:02
4.9,120.491,-7.835,10,2026-08-18T09:01
4.9,-3.659,37.127,10,2026-08-18T08:37
3.4,176.892,51.86,10,2026-08-18T08:31
2.53,-64.835,18.148,16.5,2026-08-18T08:02
2.9,-153.987,56.585,34.1,2026-08-18T07:48
4.4,133.524,-2.042,40.6,2026-08-18T07:39
4.4,167.985,-18.278,66.9,2026-08-18T07:35
2.46,-120.175,36.056,10.9,2026-08-18T07:34
2.7,-174.97,51.671,26.1,2026-08-18T07:16
3.8,-67.007,10.679,17.4,2026-08-18T07:07
4.8,153.629,-5.54,35,2026-08-18T06:58
4.6,-178.431,-31.862,35,2026-08-18T06:57
4.2,125.933,-4.252,378.6,2026-08-18T06:45
3.2,176.334,52.017,10,2026-08-18T06:12
3,176.959,51.907,10,2026-08-18T06:03
5.6,98.436,-0.583,10,2026-08-18T06:02
4,-91.928,13.986,36.5,2026-08-18T05:42
4.4,120.842,-8.037,10,2026-08-18T05:41
4.3,-93.116,14.161,13.9,2026-08-18T05:25
5.8,-93.15,14.186,10,2026-08-18T05:02
2.98,-64.657,18.83,16.2,2026-08-18T04:49
4.1,121.254,-8.289,10,2026-08-18T04:42
3.1,-174.209,51.316,10,2026-08-18T04:33
2.7,-169.554,64.899,5,2026-08-18T04:31
2.6,-176.224,50.378,15.6,2026-08-18T04:26
4.5,120.423,-7.794,10,2026-08-18T04:16
2.7,176.912,51.849,10,2026-08-18T04:05
2.6,-173.413,51.526,20,2026-08-18T03:42
3,-106.936,34.586,5,2026-08-18T03:40
3.87,-68.95,18.364,103,2026-08-18T03:33
3.1,-160.126,54.495,35,2026-08-18T02:48
4.8,120.269,-8.143,10,2026-08-18T02:42
4.2,149.781,-1.581,10,2026-08-18T02:38
2.9,-154.087,68.025,3.3,2026-08-18T02:31
2.5,-173.039,51.887,61.2,2026-08-18T02:19
4.4,119.938,-8.162,10,2026-08-18T02:06
3,-146.865,67.624,10,2026-08-18T01:58
3.42,-65.717,19.417,45.1,2026-08-18T01:32
4.3,120.702,-8.166,10,2026-08-18T01:21
4.8,-179.034,-21.919,576.6,2026-08-18T01:10
4.7,167.236,-14.924,153.8,2026-08-18T00:47
2.9,177.075,51.822,13.3,2026-08-18T00:47
2.8,-162.553,54.014,12.6,2026-08-18T00:31
4.2,120.31,-8.291,10,2026-08-18T00:03
5.3,138.289,9.66,10,2026-08-17T22:53
4.4,120.062,-8.246,10,2026-08-17T22:48
4.2,120.039,-7.728,10,2026-08-17T22:48
2.5,-164.443,53.423,10,2026-08-17T22:39
3,-146.648,66.967,13,2026-08-17T22:35
4.2,121.338,-8.46,10,2026-08-17T22:19
3,-124.887,40.34,14.9,2026-08-17T22:13
5.1,151.483,46.451,85.9,2026-08-17T21:36
4.5,120.138,-8.033,10,2026-08-17T21:04
4.5,-154.894,57.279,57.9,2026-08-17T20:35
4.6,-20.295,-22.564,10,2026-08-17T20:20
4.9,7.082,77.547,10,2026-08-17T19:51
2.8,-106.946,34.63,5,2026-08-17T19:44
4.06,-155.827,19.315,23,2026-08-17T19:24
2.49,-118.802,38.022,12.8,2026-08-17T18:52
4.9,138.335,9.697,10,2026-08-17T18:51
2.8,-151.609,59.716,59.3,2026-08-17T18:33
4.3,95.693,2.509,10,2026-08-17T18:19
4.6,117.182,-7.029,492.2,2026-08-17T18:10
2.6,-66.961,17.947,12.8,2026-08-17T18:03
4.2,121.26,80.626,10,2026-08-17T17:31
2.53,-118.832,37.447,3.7,2026-08-17T17:11
4.4,167.34,-14.621,194.1,2026-08-17T16:12
4.3,120.113,-8.155,10,2026-08-17T16:08
4.2,96.522,1.957,10,2026-08-17T16:03
4.2,120.215,-7.832,10,2026-08-17T15:16
4.2,120.722,-7.776,10,2026-08-17T14:22
4.4,121.334,-8.378,10,2026-08-17T14:12
5,120.345,-8.221,10,2026-08-17T13:58
4.4,126.229,5.023,114.4,2026-08-17T13:26
2.7,-104.853,37.574,5,2026-08-17T13:06
5,120.489,-8.197,10,2026-08-17T12:51
4.3,120.554,-8.14,10,2026-08-17T12:48
4.9,120.37,-7.992,10,2026-08-17T12:39
5.8,159.694,52.989,66.7,2026-08-17T12:38
4.5,121.798,-6.978,10,2026-08-17T12:33
4.1,120.469,-7.793,10,2026-08-17T12:21
4.5,119.771,-8.205,10,2026-08-17T12:19
3.6,-145.377,69.66,8.8,2026-08-17T12:18
2.54,-120.487,34.534,6.8,2026-08-17T12:08
4.4,-27.059,-55.835,56.6,2026-08-17T12:03
5.4,149.452,-6.383,35,2026-08-17T11:00
4.8,120.704,-7.781,10,2026-08-17T11:00
5.4,120.419,-7.902,10,2026-08-17T10:44
5.3,120.434,-7.814,10,2026-08-17T10:42
2.66,-120.476,34.535,4.8,2026-08-17T09:42
2.9,-152.817,59.853,102.1,2026-08-17T09:23
5,121.418,-8.312,10,2026-08-17T09:16
4.6,121.34,-8.057,10,2026-08-17T08:51
4.3,-179.633,-23.897,510.0,2026-08-17T08:38
2.55,-121.996,37.951,16.1,2026-08-17T08:18
3.76,-64.406,18.916,14,2026-08-17T08:02
4.4,-66.938,-21.426,243.2,2026-08-17T07:59
4.5,135.562,34.901,370.5,2026-08-17T07:36
4.8,121.153,-8.403,12.8,2026-08-17T07:20
3,-149.615,62.852,89.6,2026-08-17T07:17
4.4,120.62,-7.83,10,2026-08-17T07:13
4.8,147.052,14.416,10,2026-08-17T06:55
2.5,-150.871,59.967,15.5,2026-08-17T06:50
4.3,122.194,-8.199,203.2,2026-08-17T06:34
4.4,120.106,-10.588,22.8,2026-08-17T06:32
4.6,120.169,-8.027,10,2026-08-17T05:58
4.5,175.32,-38.892,177.2,2026-08-17T05:18
4.3,120.804,-8.351,10,2026-08-17T05:09
3.8,-150.655,59.604,34.9,2026-08-17T05:07
4.2,120.414,-7.78,10,2026-08-17T05:05
4.7,125.379,24.111,10,2026-08-17T04:54
5.1,121.14,-8.258,10,2026-08-17T03:48
5.2,121.2,-8.15,10,2026-08-17T03:36
4.9,121.037,-8.096,10,2026-08-17T03:33
4.2,120.228,-10.619,17.1,2026-08-17T03:15
4.3,131.995,31.702,17.4,2026-08-17T03:06
3.1,-150.679,63.2,133.9,2026-08-17T03:00
4.2,121.542,-8.489,10,2026-08-17T02:58
4.7,120.367,-7.71,27.7,2026-08-17T02:39
2.7,-151.332,60.901,94.3,2026-08-17T02:38
4.4,-68.458,-31.203,107.8,2026-08-17T02:21
3.5,-143.311,60.171,1.1,2026-08-17T02:11
3.14,-64.916,18.709,36.1,2026-08-17T02:10
4.3,121.562,-8.193,10,2026-08-17T02:09
4.3,120.284,-7.891,10,2026-08-17T01:55
4.4,120.465,-7.89,10,2026-08-17T01:49
4.6,120.409,-7.712,10,2026-08-17T01:42
3.55,-64.931,18.76,18,2026-08-17T01:40
4.5,120.364,-7.888,10,2026-08-17T01:33
4.5,120.44,-7.854,10,2026-08-17T01:31
4.2,69.534,38.328,10,2026-08-17T01:01
4.7,121.264,-8.377,10,2026-08-17T01:00
4.6,120.533,-8.496,9.3,2026-08-17T00:59
4.5,120.474,-7.79,10.9,2026-08-17T00:56
4.7,120.39,-7.803,16.2,2026-08-17T00:53
5.5,121.476,-8.288,7.1,2026-08-17T00:46
4.5,120.161,-8.033,35,2026-08-17T00:27
4.6,-174.282,-23.248,10,2026-08-17T00:25
4.2,120.965,-8.13,10,2026-08-17T00:21
2.5,-151.962,61.119,114.6,2026-08-17T00:18
5,-178.615,-17.772,553.0,2026-08-17T00:08
4.2,120.716,-8.606,10,2026-08-16T23:29
4.3,120.983,-8.633,10,2026-08-16T22:44
3.9,122.495,-6.659,10,2026-08-16T22:22
4.1,33.162,44.391,10,2026-08-16T22:22
4.4,138.984,-2.612,36.6,2026-08-16T22:02
4.5,122.887,-6.616,10,2026-08-16T21:53
4.4,120.527,-8.155,10,2026-08-16T21:48
4,-92.939,13.726,49.0,2026-08-16T21:43
4,130.172,33.499,10,2026-08-16T21:37
4.4,129.539,-7.096,166.7,2026-08-16T21:28
4.5,-67.284,-24.352,174.6,2026-08-16T21:06
2.78,-117.589,34.011,5.6,2026-08-16T20:35
2.65,-67.344,18.351,23.7,2026-08-16T20:32
2.53,-124.817,40.494,21.7,2026-08-16T20:21
4.5,-20.217,-22.569,10,2026-08-16T19:51
4.6,120.526,-8.131,10,2026-08-16T19:06
3.2,-64.562,18.213,29.9,2026-08-16T18:18
2.65,-125.106,40.405,10,2026-08-16T17:36
4.9,120.449,-7.918,10.2,2026-08-16T17:26
4.9,-20.262,-22.523,10,2026-08-16T17:11
4.2,-93.141,14.264,10,2026-08-16T17:10
4.5,-72.039,-32.733,10,2026-08-16T16:57
4.6,-66.623,-23.879,200.5,2026-08-16T16:40
4.8,-72.01,-32.721,15.6,2026-08-16T16:32
4.4,120.394,-7.881,10,2026-08-16T15:58
5.3,-93.199,14.12,10,2026-08-16T15:52
4.2,120.204,-8.165,10,2026-08-16T15:49
2.5,-104.84,37.724,5,2026-08-16T15:41
3.03,-155.675,20.253,41.1,2026-08-16T15:25
4,142.426,45.746,316.8,2026-08-16T15:19
4.5,120.782,-7.935,10,2026-08-16T15:09
3.05,-67.321,18.149,7.0,2026-08-16T15:06
3.14,-66.781,19.002,24.4,2026-08-16T15:04
3.16,-67.328,18.147,7.4,2026-08-16T14:59
2.6,-139.125,61.212,5,2026-08-16T14:46
4.3,121.232,-8.073,10,2026-08-16T14:38
5,120.565,-7.932,10,2026-08-16T13:38
4.2,119.849,-8.4,10,2026-08-16T13:36
4.5,-176.162,-27.76,10,2026-08-16T13:26
3.1,-150.766,60.908,5.8,2026-08-16T12:54
4.5,120.54,-7.564,10,2026-08-16T12:37
2.8,-150.646,63.199,132.1,2026-08-16T12:12
